model,mode,seed,dataset,epochs_trained,best_epoch,test_acc,test_f1_macro,base_test_acc,delta_vs_joint
lstm,head,7,AllGestureWiimoteX,10,10,0.1471428571428571,0.0721332661604522,0.1396428571428571,0.0075
lstm,head,7,AllGestureWiimoteY,10,10,0.2114285714285714,0.1118198318181101,0.165,0.0464285714285714
lstm,head,7,AllGestureWiimoteZ,10,10,0.1957142857142857,0.1247512630927926,0.1523214285714285,0.0433928571428572
lstm,head,7,Car,10,10,0.2333333333333333,0.0945945945945946,0.2416666666666666,-0.0083333333333332
lstm,head,7,ChlorineConcentration,10,10,0.3106770833333333,0.3091471761329773,0.3520833333333333,-0.0414062499999999
lstm,head,7,CinCECGTorso,10,10,0.2876811594202899,0.2463141012333787,0.2831521739130435,0.0045289855072463
lstm,head,7,DodgerLoopDay,10,10,0.1,0.0816282773829943,0.1671875,-0.0671874999999999
lstm,head,7,DodgerLoopGame,10,10,0.4492753623188406,0.4090601757944557,0.473731884057971,-0.0244565217391304
lstm,head,7,DodgerLoopWeekend,10,10,0.2318840579710145,0.2036149825783972,0.6711956521739131,-0.4393115942028985
lstm,head,7,Earthquakes,10,8,0.6906474820143885,0.568291802094619,0.6151079136690647,0.0755395683453238
lstm,head,7,FordA,10,10,0.7984848484848485,0.7980950365604853,0.715814393939394,0.0826704545454545
lstm,head,7,FordB,10,10,0.6728395061728395,0.6723596061293863,0.6385802469135803,0.0342592592592592
lstm,head,7,FreezerRegularTrain,10,10,0.7596491228070176,0.7596128686690206,0.6873684210526315,0.072280701754386
lstm,head,7,FreezerSmallTrain,10,10,0.4494736842105263,0.3175648772352377,0.6017543859649123,-0.1522807017543859
lstm,head,7,GesturePebbleZ1,10,10,0.3081395348837209,0.2031028693528693,0.2347383720930232,0.0734011627906977
lstm,head,7,GesturePebbleZ2,10,10,0.3417721518987341,0.2495506423858354,0.2120253164556962,0.1297468354430379
lstm,head,7,InsectWingbeatSound,10,10,0.1166666666666666,0.0637053489759665,0.1147727272727272,0.0018939393939394
lstm,head,7,ItalyPowerDemand,10,10,0.5743440233236151,0.5445945727473345,0.5949951409135082,-0.0206511175898931
lstm,head,7,Lightning2,10,10,0.4262295081967213,0.4161881323489199,0.5389344262295082,-0.1127049180327868
lstm,head,7,Lightning7,10,10,0.3287671232876712,0.1303304904051172,0.1900684931506849,0.1386986301369863
lstm,head,7,MoteStrain,10,10,0.4656549520766773,0.4579781440921294,0.5943490415335463,-0.1286940894568689
lstm,head,7,Phoneme,6,1,0.0131856540084388,0.0056571800550391,0.0372494725738396,-0.0240638185654007
lstm,head,7,PickupGestureWiimoteZ,10,10,0.08,0.0683333333333333,0.095,-0.015
lstm,head,7,Plane,10,10,0.5904761904761905,0.5195709693349142,0.2964285714285714,0.2940476190476191
lstm,head,7,ShakeGestureWiimoteZ,10,10,0.1,0.0562770562770562,0.12,-0.0199999999999999
lstm,head,7,SonyAIBORobotSurface1,10,10,0.6755407653910149,0.6606240498081517,0.6295757071547421,0.0459650582362728
lstm,head,7,SonyAIBORobotSurface2,10,10,0.7597061909758657,0.7563408193911787,0.6382476390346274,0.1214585519412382
lstm,head,7,StarLightCurves,10,10,0.7302088392423507,0.702606442569595,0.7347771976687713,-0.0045683584264205
lstm,head,7,Trace,10,10,0.5,0.3897084476903754,0.355,0.145
lstm,head,7,Wafer,6,1,0.8567488643737833,0.6893242875231509,0.8539097988319273,0.0028390655418559
lstm,head,21,AllGestureWiimoteX,10,10,0.2414285714285714,0.2197564262041437,0.1396428571428571,0.1017857142857143
lstm,head,21,AllGestureWiimoteY,10,10,0.2285714285714285,0.176070313683649,0.165,0.0635714285714285
lstm,head,21,AllGestureWiimoteZ,10,10,0.2714285714285714,0.2079099478752501,0.1523214285714285,0.1191071428571429
lstm,head,21,Car,10,10,0.3166666666666666,0.2177181418706842,0.2416666666666666,0.075
lstm,head,21,ChlorineConcentration,7,2,0.3002604166666666,0.3009097655488986,0.3520833333333333,-0.0518229166666666
lstm,head,21,CinCECGTorso,10,10,0.231159420289855,0.1848724838259355,0.2831521739130435,-0.0519927536231884
lstm,head,21,DodgerLoopDay,10,10,0.3,0.2346369986121538,0.1671875,0.1328125
lstm,head,21,DodgerLoopGame,10,10,0.5434782608695652,0.5380200860832138,0.473731884057971,0.0697463768115941
lstm,head,21,DodgerLoopWeekend,10,10,0.6594202898550725,0.622797324803722,0.6711956521739131,-0.0117753623188405
lstm,head,21,Earthquakes,6,1,0.5899280575539568,0.563831544178365,0.6151079136690647,-0.0251798561151078
lstm,head,21,FordA,10,8,0.9393939393939394,0.939373897707231,0.715814393939394,0.2235795454545455
lstm,head,21,FordB,6,1,0.7987654320987654,0.7985415894203436,0.6385802469135803,0.1601851851851851
lstm,head,21,FreezerRegularTrain,6,1,0.7680701754385965,0.7680123391796663,0.6873684210526315,0.0807017543859649
lstm,head,21,FreezerSmallTrain,7,2,0.7536842105263157,0.7529440006401451,0.6017543859649123,0.1519298245614034
lstm,head,21,GesturePebbleZ1,10,10,0.3081395348837209,0.2554630039150163,0.2347383720930232,0.0734011627906977
lstm,head,21,GesturePebbleZ2,10,10,0.3227848101265823,0.2771550578154352,0.2120253164556962,0.110759493670886
lstm,head,21,InsectWingbeatSound,10,10,0.1681818181818181,0.133676634085065,0.1147727272727272,0.0534090909090909
lstm,head,21,ItalyPowerDemand,10,10,0.93488824101069,0.9348466448994248,0.5949951409135082,0.3398931000971817
lstm,head,21,Lightning2,10,10,0.6229508196721312,0.5665739882607352,0.5389344262295082,0.084016393442623
lstm,head,21,Lightning7,10,10,0.3424657534246575,0.2621873364730507,0.1900684931506849,0.1523972602739726
lstm,head,21,MoteStrain,10,10,0.8801916932907349,0.8785855409473172,0.5943490415335463,0.2858426517571886
lstm,head,21,Phoneme,6,1,0.035337552742616,0.017021562435094,0.0372494725738396,-0.0019119198312235
lstm,head,21,PickupGestureWiimoteZ,10,10,0.1,0.0457875457875457,0.095,0.005
lstm,head,21,Plane,10,10,0.7142857142857143,0.6880030942142744,0.2964285714285714,0.4178571428571429
lstm,head,21,ShakeGestureWiimoteZ,10,10,0.2,0.1264912280701754,0.12,0.08
lstm,head,21,SonyAIBORobotSurface1,10,10,0.762063227953411,0.762039511026816,0.6295757071547421,0.1324875207986688
lstm,head,21,SonyAIBORobotSurface2,6,1,0.4868835257082896,0.4670150385485039,0.6382476390346274,-0.1513641133263378
lstm,head,21,StarLightCurves,10,10,0.7611704711024769,0.7451194245001521,0.7347771976687713,0.0263932734337056
lstm,head,21,Trace,10,10,0.75,0.7081470442126179,0.355,0.395
lstm,head,21,Wafer,10,10,0.973718364698248,0.933313619283226,0.8539097988319273,0.1198085658663206
lstm,head,42,AllGestureWiimoteX,10,10,0.1571428571428571,0.0857328972693152,0.1396428571428571,0.0175
lstm,head,42,AllGestureWiimoteY,10,10,0.1828571428571428,0.1228036865764088,0.165,0.0178571428571428
lstm,head,42,AllGestureWiimoteZ,10,10,0.1671428571428571,0.0805966745672628,0.1523214285714285,0.0148214285714286
lstm,head,42,Car,10,10,0.2333333333333333,0.0945945945945946,0.2416666666666666,-0.0083333333333332
lstm,head,42,ChlorineConcentration,10,8,0.3354166666666666,0.2539984509293254,0.3520833333333333,-0.0166666666666666
lstm,head,42,CinCECGTorso,6,1,0.3007246376811594,0.2597642660586671,0.2831521739130435,0.0175724637681159
lstm,head,42,DodgerLoopDay,10,10,0.1375,0.0357142857142857,0.1671875,-0.0296874999999999
lstm,head,42,DodgerLoopGame,10,10,0.4782608695652174,0.3235294117647059,0.473731884057971,0.0045289855072463
lstm,head,42,DodgerLoopWeekend,10,10,0.8623188405797102,0.7899543378995433,0.6711956521739131,0.1911231884057971
lstm,head,42,Earthquakes,10,10,0.7553956834532374,0.6622355631789594,0.6151079136690647,0.1402877697841726
lstm,head,42,FordA,10,8,0.5037878787878788,0.496294449276688,0.715814393939394,-0.2120265151515151
lstm,head,42,FordB,8,3,0.5111111111111111,0.5069963604170765,0.6385802469135803,-0.1274691358024692
lstm,head,42,FreezerRegularTrain,6,1,0.6185964912280701,0.5714834064714243,0.6873684210526315,-0.0687719298245613
lstm,head,42,FreezerSmallTrain,10,10,0.6185964912280701,0.5714834064714243,0.6017543859649123,0.0168421052631578
lstm,head,42,GesturePebbleZ1,10,10,0.1686046511627907,0.1182963370635357,0.2347383720930232,-0.0661337209302325
lstm,head,42,GesturePebbleZ2,10,10,0.1265822784810126,0.0825813213872915,0.2120253164556962,-0.0854430379746835
lstm,head,42,InsectWingbeatSound,10,10,0.1338383838383838,0.0676572868439617,0.1147727272727272,0.0190656565656566
lstm,head,42,ItalyPowerDemand,6,1,0.6326530612244898,0.6325277756783312,0.5949951409135082,0.0376579203109815
lstm,head,42,Lightning2,10,10,0.5245901639344263,0.4894660894660895,0.5389344262295082,-0.0143442622950819
lstm,head,42,Lightning7,10,10,0.0821917808219178,0.0228571428571428,0.1900684931506849,-0.107876712328767
lstm,head,42,MoteStrain,10,10,0.7739616613418531,0.7727611765603766,0.5943490415335463,0.1796126198083067
lstm,head,42,Phoneme,6,1,0.0363924050632911,0.0055269862633443,0.0372494725738396,-0.0008570675105484
lstm,head,42,PickupGestureWiimoteZ,10,10,0.08,0.0339558573853989,0.095,-0.015
lstm,head,42,Plane,10,10,0.1333333333333333,0.0341880341880341,0.2964285714285714,-0.163095238095238
lstm,head,42,ShakeGestureWiimoteZ,6,1,0.14,0.0697478991596638,0.12,0.02
lstm,head,42,SonyAIBORobotSurface1,10,10,0.4409317803660565,0.3228169014084507,0.6295757071547421,-0.1886439267886855
lstm,head,42,SonyAIBORobotSurface2,10,10,0.6852046169989506,0.6787582698115922,0.6382476390346274,0.0469569779643231
lstm,head,42,StarLightCurves,10,10,0.7196454589606606,0.68436280910172,0.7347771976687713,-0.0151317387081106
lstm,head,42,Trace,10,10,0.52,0.3425108225108225,0.355,0.165
lstm,head,42,Wafer,8,3,0.8968202465931213,0.5234808483327985,0.8539097988319273,0.042910447761194
lstm,head,63,AllGestureWiimoteX,10,6,0.11,0.0541056146984959,0.1396428571428571,-0.029642857142857
lstm,head,63,AllGestureWiimoteY,10,10,0.1471428571428571,0.0572154092760592,0.165,-0.0178571428571428
lstm,head,63,AllGestureWiimoteZ,10,10,0.14,0.04666466363188,0.1523214285714285,-0.0123214285714284
lstm,head,63,Car,10,10,0.3166666666666666,0.120253164556962,0.2416666666666666,0.075
lstm,head,63,ChlorineConcentration,10,10,0.3067708333333333,0.2900660957090164,0.3520833333333333,-0.0453124999999999
lstm,head,63,CinCECGTorso,10,6,0.3688405797101449,0.2521780048216707,0.2831521739130435,0.0856884057971014
lstm,head,63,DodgerLoopDay,10,10,0.25,0.13430777716492,0.1671875,0.0828125
lstm,head,63,DodgerLoopGame,6,1,0.5362318840579711,0.4888888888888889,0.473731884057971,0.0625
lstm,head,63,DodgerLoopWeekend,10,10,0.7391304347826086,0.425,0.6711956521739131,0.0679347826086955
lstm,head,63,Earthquakes,6,1,0.7482014388489209,0.4279835390946502,0.6151079136690647,0.1330935251798561
lstm,head,63,FordA,10,10,0.4810606060606061,0.4793798851319255,0.715814393939394,-0.2347537878787878
lstm,head,63,FordB,10,9,0.5358024691358024,0.5280217702592966,0.6385802469135803,-0.1027777777777778
lstm,head,63,FreezerRegularTrain,10,10,0.6154385964912281,0.5711369511456393,0.6873684210526315,-0.0719298245614034
lstm,head,63,FreezerSmallTrain,10,10,0.6154385964912281,0.5711369511456393,0.6017543859649123,0.0136842105263158
lstm,head,63,GesturePebbleZ1,10,10,0.2441860465116279,0.1530748663101604,0.2347383720930232,0.0094476744186046
lstm,head,63,GesturePebbleZ2,10,10,0.2215189873417721,0.1348110875706214,0.2120253164556962,0.0094936708860759
lstm,head,63,InsectWingbeatSound,10,10,0.1363636363636363,0.0717373716798467,0.1147727272727272,0.0215909090909091
lstm,head,63,ItalyPowerDemand,10,10,0.577259475218659,0.4946685708157171,0.5949951409135082,-0.0177356656948493
lstm,head,63,Lightning2,10,10,0.4590163934426229,0.3146067415730337,0.5389344262295082,-0.0799180327868852
lstm,head,63,Lightning7,10,10,0.1780821917808219,0.117797118847539,0.1900684931506849,-0.0119863013698629
lstm,head,63,MoteStrain,10,10,0.6757188498402555,0.6256190434103731,0.5943490415335463,0.0813698083067092
lstm,head,63,Phoneme,6,1,0.0179324894514767,0.0042156385304974,0.0372494725738396,-0.0193169831223628
lstm,head,63,PickupGestureWiimoteZ,10,10,0.12,0.0537680250783699,0.095,0.0249999999999999
lstm,head,63,Plane,6,1,0.1428571428571428,0.0357142857142857,0.2964285714285714,-0.1535714285714285
lstm,head,63,ShakeGestureWiimoteZ,10,10,0.1,0.0185185185185185,0.12,-0.0199999999999999
lstm,head,63,SonyAIBORobotSurface1,10,10,0.6222961730449251,0.6140209417269993,0.6295757071547421,-0.0072795341098169
lstm,head,63,SonyAIBORobotSurface2,10,10,0.6421825813221406,0.5232434462533357,0.6382476390346274,0.0039349422875131
lstm,head,63,StarLightCurves,10,10,0.6971830985915493,0.6602829338602919,0.7347771976687713,-0.037594099077222
lstm,head,63,Trace,10,10,0.19,0.1439393939393939,0.355,-0.1649999999999999
lstm,head,63,Wafer,10,9,0.723069435431538,0.5147010740785583,0.8539097988319273,-0.1308403634003893
lstm,head,84,AllGestureWiimoteX,10,10,0.1342857142857142,0.092272311397629,0.1396428571428571,-0.0053571428571428
lstm,head,84,AllGestureWiimoteY,10,10,0.2057142857142857,0.171582878326288,0.165,0.0407142857142857
lstm,head,84,AllGestureWiimoteZ,10,10,0.1471428571428571,0.092568904440293,0.1523214285714285,-0.0051785714285713
lstm,head,84,Car,10,10,0.2333333333333333,0.0945945945945946,0.2416666666666666,-0.0083333333333332
lstm,head,84,ChlorineConcentration,10,5,0.2666666666666666,0.2624359845199992,0.3520833333333333,-0.0854166666666666
lstm,head,84,CinCECGTorso,10,10,0.2905797101449275,0.1927901340163359,0.2831521739130435,0.007427536231884
lstm,head,84,DodgerLoopDay,10,10,0.1375,0.0345368916797488,0.1671875,-0.0296874999999999
lstm,head,84,DodgerLoopGame,10,10,0.4420289855072464,0.3756389917151419,0.473731884057971,-0.0317028985507246
lstm,head,84,DodgerLoopWeekend,10,10,0.7391304347826086,0.425,0.6711956521739131,0.0679347826086955
lstm,head,84,Earthquakes,10,10,0.7553956834532374,0.6549357476635513,0.6151079136690647,0.1402877697841726
lstm,head,84,FordA,10,10,0.8590909090909091,0.8588718948597915,0.715814393939394,0.1432765151515151
lstm,head,84,FordB,10,10,0.7123456790123457,0.7115327297933056,0.6385802469135803,0.0737654320987654
lstm,head,84,FreezerRegularTrain,10,10,0.7645614035087719,0.7644151944592514,0.6873684210526315,0.0771929824561403
lstm,head,84,FreezerSmallTrain,10,10,0.5042105263157894,0.3432279026332369,0.6017543859649123,-0.0975438596491228
lstm,head,84,GesturePebbleZ1,10,10,0.1802325581395348,0.0923042669566999,0.2347383720930232,-0.0545058139534883
lstm,head,84,GesturePebbleZ2,10,10,0.1329113924050632,0.0822244921121325,0.2120253164556962,-0.0791139240506329
lstm,head,84,InsectWingbeatSound,10,10,0.0974747474747474,0.0293791801540402,0.1147727272727272,-0.0172979797979797
lstm,head,84,ItalyPowerDemand,10,10,0.3177842565597668,0.317768148573501,0.5949951409135082,-0.2772108843537414
lstm,head,84,Lightning2,10,10,0.4590163934426229,0.3146067415730337,0.5389344262295082,-0.0799180327868852
lstm,head,84,Lightning7,10,10,0.1232876712328767,0.0582560296846011,0.1900684931506849,-0.0667808219178081
lstm,head,84,MoteStrain,10,10,0.4616613418530351,0.3171248041640231,0.5943490415335463,-0.1326876996805111
lstm,head,84,Phoneme,10,10,0.0654008438818565,0.0094398100850499,0.0372494725738396,0.0281513713080169
lstm,head,84,PickupGestureWiimoteZ,10,10,0.04,0.0223809523809523,0.095,-0.055
lstm,head,84,Plane,10,10,0.1333333333333333,0.0336134453781512,0.2964285714285714,-0.163095238095238
lstm,head,84,ShakeGestureWiimoteZ,10,10,0.08,0.025,0.12,-0.0399999999999999
lstm,head,84,SonyAIBORobotSurface1,10,10,0.5740432612312812,0.3718112036583374,0.6295757071547421,-0.0555324459234608
lstm,head,84,SonyAIBORobotSurface2,6,1,0.6516264428121721,0.5185755499020097,0.6382476390346274,0.0133788037775446
lstm,head,84,StarLightCurves,10,10,0.7540067994171928,0.7158449309428444,0.7347771976687713,0.0192296017484215
lstm,head,84,Trace,10,10,0.16,0.0695652173913043,0.355,-0.1949999999999999
lstm,head,84,Wafer,10,10,0.762816353017521,0.5346853210402829,0.8539097988319273,-0.0910934458144062
lstm,head,105,AllGestureWiimoteX,10,10,0.0771428571428571,0.0333702609029172,0.1396428571428571,-0.0624999999999999
lstm,head,105,AllGestureWiimoteY,10,10,0.1528571428571428,0.1142698271639344,0.165,-0.0121428571428571
lstm,head,105,AllGestureWiimoteZ,10,10,0.1057142857142857,0.0513734432915168,0.1523214285714285,-0.0466071428571427
lstm,head,105,Car,10,10,0.2333333333333333,0.0945945945945946,0.2416666666666666,-0.0083333333333332
lstm,head,105,ChlorineConcentration,10,10,0.40390625,0.3577317094330379,0.3520833333333333,0.0518229166666667
lstm,head,105,CinCECGTorso,10,10,0.2181159420289855,0.1551829744837506,0.2831521739130435,-0.0650362318840579
lstm,head,105,DodgerLoopDay,10,10,0.2,0.1104949226067238,0.1671875,0.0328125
lstm,head,105,DodgerLoopGame,10,10,0.5797101449275363,0.5782929399367756,0.473731884057971,0.1059782608695652
lstm,head,105,DodgerLoopWeekend,10,10,0.7391304347826086,0.425,0.6711956521739131,0.0679347826086955
lstm,head,105,Earthquakes,10,7,0.7482014388489209,0.4279835390946502,0.6151079136690647,0.1330935251798561
lstm,head,105,FordA,10,10,0.6568181818181819,0.6566745384174164,0.715814393939394,-0.058996212121212
lstm,head,105,FordB,10,10,0.5320987654320988,0.4973400727980076,0.6385802469135803,-0.1064814814814815
lstm,head,105,FreezerRegularTrain,10,10,0.7849122807017543,0.7849122542212686,0.6873684210526315,0.0975438596491228
lstm,head,105,FreezerSmallTrain,10,10,0.7663157894736842,0.765900765900766,0.6017543859649123,0.1645614035087719
lstm,head,105,GesturePebbleZ1,10,10,0.2151162790697674,0.1426912806223151,0.2347383720930232,-0.0196220930232557
lstm,head,105,GesturePebbleZ2,10,10,0.2278481012658227,0.1390628105744384,0.2120253164556962,0.0158227848101265
lstm,head,105,InsectWingbeatSound,10,10,0.1126262626262626,0.0500092347320439,0.1147727272727272,-0.0021464646464645
lstm,head,105,ItalyPowerDemand,10,10,0.5986394557823129,0.5976895718333379,0.5949951409135082,0.0036443148688046
lstm,head,105,Lightning2,10,10,0.5573770491803278,0.4161644806806097,0.5389344262295082,0.0184426229508196
lstm,head,105,Lightning7,10,10,0.1780821917808219,0.0854341736694677,0.1900684931506849,-0.0119863013698629
lstm,head,105,MoteStrain,10,10,0.604632587859425,0.58579482226819,0.5943490415335463,0.0102835463258786
lstm,head,105,Phoneme,10,8,0.0189873417721519,0.0059877393465684,0.0372494725738396,-0.0182621308016877
lstm,head,105,PickupGestureWiimoteZ,10,10,0.12,0.0405128205128205,0.095,0.0249999999999999
lstm,head,105,Plane,10,10,0.2,0.0476190476190476,0.2964285714285714,-0.0964285714285713
lstm,head,105,ShakeGestureWiimoteZ,10,10,0.08,0.0276470588235294,0.12,-0.0399999999999999
lstm,head,105,SonyAIBORobotSurface1,10,10,0.5757071547420965,0.4164048666247786,0.6295757071547421,-0.0538685524126455
lstm,head,105,SonyAIBORobotSurface2,6,1,0.4333683105981112,0.4179718248690317,0.6382476390346274,-0.2048793284365162
lstm,head,105,StarLightCurves,10,10,0.7940747935891209,0.7491187154971297,0.7347771976687713,0.0592975959203496
lstm,head,105,Trace,10,10,0.52,0.388396971248417,0.355,0.165
lstm,head,105,Wafer,10,9,0.8744321868916288,0.5426807034548918,0.8539097988319273,0.0205223880597015
lstm,head,126,AllGestureWiimoteX,10,10,0.1028571428571428,0.0287567146371479,0.1396428571428571,-0.0367857142857142
lstm,head,126,AllGestureWiimoteY,10,10,0.1014285714285714,0.0555258121415882,0.165,-0.0635714285714285
lstm,head,126,AllGestureWiimoteZ,10,10,0.14,0.0756714235906702,0.1523214285714285,-0.0123214285714284
lstm,head,126,Car,10,10,0.3,0.2013546798029556,0.2416666666666666,0.0583333333333333
lstm,head,126,ChlorineConcentration,10,10,0.3973958333333333,0.3302579375640841,0.3520833333333333,0.0453125
lstm,head,126,CinCECGTorso,10,10,0.2623188405797101,0.1186817334378853,0.2831521739130435,-0.0208333333333333
lstm,head,126,DodgerLoopDay,10,10,0.1375,0.0345368916797488,0.1671875,-0.0296874999999999
lstm,head,126,DodgerLoopGame,10,10,0.5217391304347826,0.4352678571428571,0.473731884057971,0.0480072463768115
lstm,head,126,DodgerLoopWeekend,10,10,0.7463768115942029,0.4538052697048513,0.6711956521739131,0.0751811594202898
lstm,head,126,Earthquakes,9,4,0.5827338129496403,0.5117490310077519,0.6151079136690647,-0.0323741007194243
lstm,head,126,FordA,10,10,0.7106060606060606,0.7036664402126004,0.715814393939394,-0.0052083333333333
lstm,head,126,FordB,10,10,0.6098765432098765,0.5594674230324392,0.6385802469135803,-0.0287037037037037
lstm,head,126,FreezerRegularTrain,10,10,0.6670175438596492,0.6459638914977797,0.6873684210526315,-0.0203508771929823
lstm,head,126,FreezerSmallTrain,10,10,0.5,0.3333333333333333,0.6017543859649123,-0.1017543859649122
lstm,head,126,GesturePebbleZ1,10,10,0.2151162790697674,0.1313929738562091,0.2347383720930232,-0.0196220930232557
lstm,head,126,GesturePebbleZ2,10,10,0.1772151898734177,0.0778049348230912,0.2120253164556962,-0.0348101265822784
lstm,head,126,InsectWingbeatSound,10,10,0.0651515151515151,0.0187134570855501,0.1147727272727272,-0.049621212121212
lstm,head,126,ItalyPowerDemand,10,10,0.6977648202137998,0.6976917299980634,0.5949951409135082,0.1027696793002915
lstm,head,126,Lightning2,10,10,0.5573770491803278,0.4161644806806097,0.5389344262295082,0.0184426229508196
lstm,head,126,Lightning7,10,10,0.0821917808219178,0.0216998191681736,0.1900684931506849,-0.107876712328767
lstm,head,126,MoteStrain,10,10,0.5575079872204473,0.3983108483233399,0.5943490415335463,-0.036841054313099
lstm,head,126,Phoneme,9,4,0.0590717299578059,0.0168048638272067,0.0372494725738396,0.0218222573839663
lstm,head,126,PickupGestureWiimoteZ,10,10,0.12,0.0518518518518518,0.095,0.0249999999999999
lstm,head,126,Plane,10,10,0.2,0.0476190476190476,0.2964285714285714,-0.0964285714285713
lstm,head,126,ShakeGestureWiimoteZ,10,10,0.1,0.0181818181818181,0.12,-0.0199999999999999
lstm,head,126,SonyAIBORobotSurface1,10,10,0.7970049916805324,0.7969369668771464,0.6295757071547421,0.1674292845257903
lstm,head,126,SonyAIBORobotSurface2,6,1,0.6684155299055614,0.5389538016852832,0.6382476390346274,0.0301678908709339
lstm,head,126,StarLightCurves,10,10,0.810709082078679,0.6838627439475466,0.7347771976687713,0.0759318844099077
lstm,head,126,Trace,10,10,0.22,0.1237745098039215,0.355,-0.1349999999999999
lstm,head,126,Wafer,10,10,0.5806294613887086,0.4574558341882902,0.8539097988319273,-0.2732803374432186
lstm,head,147,AllGestureWiimoteX,10,10,0.2314285714285714,0.1930693698178938,0.1396428571428571,0.0917857142857143
lstm,head,147,AllGestureWiimoteY,10,10,0.1642857142857142,0.1006115416948632,0.165,-0.0007142857142857
lstm,head,147,AllGestureWiimoteZ,10,10,0.2457142857142857,0.20194131105255,0.1523214285714285,0.0933928571428572
lstm,head,147,Car,10,10,0.1666666666666666,0.0714285714285714,0.2416666666666666,-0.0749999999999999
lstm,head,147,ChlorineConcentration,6,1,0.33828125,0.3300678490813097,0.3520833333333333,-0.0138020833333333
lstm,head,147,CinCECGTorso,10,10,0.3405797101449275,0.2614546590295676,0.2831521739130435,0.057427536231884
lstm,head,147,DodgerLoopDay,10,7,0.1125,0.0535714285714285,0.1671875,-0.0546874999999999
lstm,head,147,DodgerLoopGame,6,1,0.4782608695652174,0.3754085994468192,0.473731884057971,0.0045289855072463
lstm,head,147,DodgerLoopWeekend,10,10,0.7608695652173914,0.6606304493628437,0.6711956521739131,0.0896739130434782
lstm,head,147,Earthquakes,10,10,0.539568345323741,0.5288135593220339,0.6151079136690647,-0.0755395683453237
lstm,head,147,FordA,6,1,0.9143939393939394,0.9142659583089772,0.715814393939394,0.1985795454545454
lstm,head,147,FordB,10,9,0.7950617283950617,0.7950604789542994,0.6385802469135803,0.1564814814814814
lstm,head,147,FreezerRegularTrain,10,10,0.7512280701754386,0.7509513494526081,0.6873684210526315,0.063859649122807
lstm,head,147,FreezerSmallTrain,10,10,0.7143859649122807,0.707983569843271,0.6017543859649123,0.1126315789473684
lstm,head,147,GesturePebbleZ1,10,10,0.2906976744186046,0.2410822000648576,0.2347383720930232,0.0559593023255814
lstm,head,147,GesturePebbleZ2,10,10,0.3164556962025316,0.29311308212237,0.2120253164556962,0.1044303797468354
lstm,head,147,InsectWingbeatSound,10,10,0.1328282828282828,0.0854212483269033,0.1147727272727272,0.0180555555555556
lstm,head,147,ItalyPowerDemand,10,10,0.8464528668610302,0.8436819758632095,0.5949951409135082,0.2514577259475219
lstm,head,147,Lightning2,10,10,0.639344262295082,0.5795739348370927,0.5389344262295082,0.1004098360655738
lstm,head,147,Lightning7,10,10,0.3424657534246575,0.2918964076858814,0.1900684931506849,0.1523972602739726
lstm,head,147,MoteStrain,10,10,0.7172523961661342,0.708073928679638,0.5943490415335463,0.1229033546325879
lstm,head,147,Phoneme,10,10,0.0411392405063291,0.0260034715449273,0.0372494725738396,0.0038897679324895
lstm,head,147,PickupGestureWiimoteZ,10,10,0.12,0.0907936507936507,0.095,0.0249999999999999
lstm,head,147,Plane,10,10,0.4285714285714285,0.3301444147453031,0.2964285714285714,0.1321428571428571
lstm,head,147,ShakeGestureWiimoteZ,10,10,0.24,0.1525974025974026,0.12,0.12
lstm,head,147,SonyAIBORobotSurface1,10,10,0.8369384359400999,0.8327597564853937,0.6295757071547421,0.2073627287853577
lstm,head,147,SonyAIBORobotSurface2,10,10,0.7523609653725079,0.7003623767652545,0.6382476390346274,0.1141133263378804
lstm,head,147,StarLightCurves,10,10,0.7491500728508985,0.735207101975622,0.7347771976687713,0.0143728751821272
lstm,head,147,Trace,10,10,0.3,0.2556520356142675,0.355,-0.0549999999999999
lstm,head,147,Wafer,10,10,0.9093121349772876,0.8127000543090459,0.8539097988319273,0.0554023361453601
cnn,head_bn_eval,7,AllGestureWiimoteX,10,10,0.2914285714285714,0.2678133979434967,0.1910714285714285,0.1003571428571429
cnn,head_bn_eval,7,AllGestureWiimoteY,10,10,0.4057142857142857,0.3644130645183613,0.1935714285714285,0.2121428571428572
cnn,head_bn_eval,7,AllGestureWiimoteZ,10,10,0.3128571428571428,0.2665662150201088,0.21625,0.0966071428571428
cnn,head_bn_eval,7,Car,10,10,0.3166666666666666,0.120253164556962,0.25,0.0666666666666666
cnn,head_bn_eval,7,ChlorineConcentration,10,10,0.4075520833333333,0.3710053430700964,0.2523763020833333,0.15517578125
cnn,head_bn_eval,7,CinCECGTorso,10,10,0.3355072463768116,0.2888547750538341,0.2730978260869565,0.0624094202898551
cnn,head_bn_eval,7,DodgerLoopDay,10,10,0.1,0.0661982825917252,0.1671875,-0.0671874999999999
cnn,head_bn_eval,7,DodgerLoopGame,10,10,0.5217391304347826,0.3428571428571428,0.5253623188405797,-0.0036231884057971
cnn,head_bn_eval,7,DodgerLoopWeekend,10,10,0.2608695652173913,0.2068965517241379,0.2608695652173913,0.0
cnn,head_bn_eval,7,Earthquakes,10,6,0.5755395683453237,0.5180701651289886,0.6528776978417267,-0.0773381294964029
cnn,head_bn_eval,7,FordA,10,10,0.9424242424242424,0.942401896052417,0.9327651515151516,0.0096590909090907
cnn,head_bn_eval,7,FordB,10,8,0.8098765432098766,0.8082763623844187,0.7816358024691358,0.0282407407407407
cnn,head_bn_eval,7,FreezerRegularTrain,10,10,0.4992982456140351,0.3330212965129885,0.5253070175438597,-0.0260087719298245
cnn,head_bn_eval,7,FreezerSmallTrain,10,10,0.5059649122807017,0.364136056629414,0.5527631578947368,-0.0467982456140351
cnn,head_bn_eval,7,GesturePebbleZ1,10,10,0.3081395348837209,0.2261411495107147,0.1962209302325581,0.1119186046511628
cnn,head_bn_eval,7,GesturePebbleZ2,10,10,0.310126582278481,0.2144883485309017,0.2041139240506329,0.1060126582278481
cnn,head_bn_eval,7,InsectWingbeatSound,10,10,0.1964646464646464,0.1196068395086869,0.1378787878787878,0.0585858585858586
cnn,head_bn_eval,7,ItalyPowerDemand,10,10,0.9387755102040816,0.9387234259755506,0.7742954324586978,0.1644800777453838
cnn,head_bn_eval,7,Lightning2,10,10,0.4590163934426229,0.3146067415730337,0.5389344262295082,-0.0799180327868852
cnn,head_bn_eval,7,Lightning7,10,10,0.2191780821917808,0.1030517470145953,0.2482876712328767,-0.0291095890410958
cnn,head_bn_eval,7,MoteStrain,10,10,0.6142172523961661,0.5392566281060497,0.4822284345047923,0.1319888178913738
cnn,head_bn_eval,7,Phoneme,10,10,0.0522151898734177,0.0335257338842624,0.0673786919831223,-0.0151635021097045
cnn,head_bn_eval,7,PickupGestureWiimoteZ,10,10,0.1,0.0181818181818181,0.1325,-0.0325
cnn,head_bn_eval,7,Plane,10,10,0.419047619047619,0.3821892393320964,0.2273809523809523,0.1916666666666667
cnn,head_bn_eval,7,ShakeGestureWiimoteZ,10,10,0.1,0.0181818181818181,0.185,-0.0849999999999999
cnn,head_bn_eval,7,SonyAIBORobotSurface1,10,5,0.9267886855241264,0.9239047860217776,0.8217554076539102,0.1050332778702162
cnn,head_bn_eval,7,SonyAIBORobotSurface2,10,10,0.3830010493179433,0.2769347496206373,0.5422350472193075,-0.1592339979013641
cnn,head_bn_eval,7,StarLightCurves,10,10,0.8281932977173385,0.6380477188257704,0.4043224866440019,0.4238708110733366
cnn,head_bn_eval,7,Trace,10,10,0.29,0.1124031007751938,0.2925,-0.0025
cnn,head_bn_eval,7,Wafer,10,10,0.9231018818948734,0.8243305740760649,0.8087280986372485,0.1143737832576249
cnn,head_bn_eval,21,AllGestureWiimoteX,10,10,0.3485714285714286,0.3145265343882124,0.1910714285714285,0.1575
cnn,head_bn_eval,21,AllGestureWiimoteY,10,10,0.3257142857142857,0.2811560978556674,0.1935714285714285,0.1321428571428572
cnn,head_bn_eval,21,AllGestureWiimoteZ,10,10,0.3985714285714286,0.3414122585896779,0.21625,0.1823214285714285
cnn,head_bn_eval,21,Car,10,10,0.2333333333333333,0.0945945945945946,0.25,-0.0166666666666666
cnn,head_bn_eval,21,ChlorineConcentration,10,6,0.3791666666666666,0.3641288708954807,0.2523763020833333,0.1267903645833333
cnn,head_bn_eval,21,CinCECGTorso,10,10,0.2485507246376811,0.0995356935577481,0.2730978260869565,-0.0245471014492753
cnn,head_bn_eval,21,DodgerLoopDay,10,10,0.3,0.2239138023630504,0.1671875,0.1328125
cnn,head_bn_eval,21,DodgerLoopGame,10,10,0.6811594202898551,0.6653439153439153,0.5253623188405797,0.1557971014492754
cnn,head_bn_eval,21,DodgerLoopWeekend,10,10,0.2608695652173913,0.2068965517241379,0.2608695652173913,0.0
cnn,head_bn_eval,21,Earthquakes,10,10,0.5827338129496403,0.5687847667950363,0.6528776978417267,-0.0701438848920863
cnn,head_bn_eval,21,FordA,10,10,0.9484848484848484,0.9484545554779668,0.9327651515151516,0.0157196969696968
cnn,head_bn_eval,21,FordB,8,3,0.828395061728395,0.8283005891063365,0.7816358024691358,0.0467592592592592
cnn,head_bn_eval,21,FreezerRegularTrain,10,10,0.78,0.779973967988087,0.5253070175438597,0.2546929824561403
cnn,head_bn_eval,21,FreezerSmallTrain,10,10,0.5,0.3333333333333333,0.5527631578947368,-0.0527631578947368
cnn,head_bn_eval,21,GesturePebbleZ1,10,10,0.2732558139534883,0.1775032316538638,0.1962209302325581,0.0770348837209302
cnn,head_bn_eval,21,GesturePebbleZ2,10,10,0.2848101265822785,0.219848975188781,0.2041139240506329,0.0806962025316456
cnn,head_bn_eval,21,InsectWingbeatSound,10,10,0.1782828282828283,0.1367010530682531,0.1378787878787878,0.0404040404040405
cnn,head_bn_eval,21,ItalyPowerDemand,10,10,0.5539358600583091,0.4449309852451213,0.7742954324586978,-0.2203595724003887
cnn,head_bn_eval,21,Lightning2,10,10,0.6721311475409836,0.6677559912854031,0.5389344262295082,0.1331967213114754
cnn,head_bn_eval,21,Lightning7,10,10,0.2465753424657534,0.2162212787212787,0.2482876712328767,-0.0017123287671232
cnn,head_bn_eval,21,MoteStrain,10,10,0.476038338658147,0.3626916630455025,0.4822284345047923,-0.0061900958466453
cnn,head_bn_eval,21,Phoneme,10,10,0.1102320675105485,0.0513662374241694,0.0673786919831223,0.0428533755274262
cnn,head_bn_eval,21,PickupGestureWiimoteZ,10,10,0.08,0.0156862745098039,0.1325,-0.0525
cnn,head_bn_eval,21,Plane,10,10,0.1619047619047619,0.0415140415140415,0.2273809523809523,-0.0654761904761903
cnn,head_bn_eval,21,ShakeGestureWiimoteZ,10,10,0.3,0.2489989177489177,0.185,0.1149999999999999
cnn,head_bn_eval,21,SonyAIBORobotSurface1,10,10,0.7853577371048253,0.755506920507977,0.8217554076539102,-0.0363976705490849
cnn,head_bn_eval,21,SonyAIBORobotSurface2,8,3,0.8467995802728226,0.8451282713421964,0.5422350472193075,0.3045645330535151
cnn,head_bn_eval,21,StarLightCurves,10,10,0.7571636716852841,0.717446222771776,0.4043224866440019,0.3528411850412822
cnn,head_bn_eval,21,Trace,10,10,0.24,0.0967741935483871,0.2925,-0.0524999999999999
cnn,head_bn_eval,21,Wafer,10,10,0.5632706035042181,0.4258038440563292,0.8087280986372485,-0.2454574951330304
cnn,head_bn_eval,42,AllGestureWiimoteX,10,10,0.3185714285714285,0.2835539748156636,0.1910714285714285,0.1275
cnn,head_bn_eval,42,AllGestureWiimoteY,10,10,0.37,0.336389344578727,0.1935714285714285,0.1764285714285715
cnn,head_bn_eval,42,AllGestureWiimoteZ,10,10,0.4185714285714286,0.3873332262471134,0.21625,0.2023214285714286
cnn,head_bn_eval,42,Car,10,10,0.2333333333333333,0.0945945945945946,0.25,-0.0166666666666666
cnn,head_bn_eval,42,ChlorineConcentration,10,10,0.39453125,0.3952347772391478,0.2523763020833333,0.1421549479166667
cnn,head_bn_eval,42,CinCECGTorso,10,10,0.2463768115942029,0.2090078992210775,0.2730978260869565,-0.0267210144927535
cnn,head_bn_eval,42,DodgerLoopDay,10,10,0.4125,0.3617606276226966,0.1671875,0.2453125
cnn,head_bn_eval,42,DodgerLoopGame,10,10,0.6014492753623188,0.5772765246449456,0.5253623188405797,0.0760869565217391
cnn,head_bn_eval,42,DodgerLoopWeekend,10,10,0.2608695652173913,0.2068965517241379,0.2608695652173913,0.0
cnn,head_bn_eval,42,Earthquakes,10,10,0.7266187050359713,0.5215579710144927,0.6528776978417267,0.0737410071942445
cnn,head_bn_eval,42,FordA,10,5,0.9462121212121212,0.9461379000792528,0.9327651515151516,0.0134469696969695
cnn,head_bn_eval,42,FordB,10,10,0.8061728395061728,0.8059572364355456,0.7816358024691358,0.024537037037037
cnn,head_bn_eval,42,FreezerRegularTrain,10,10,0.5663157894736842,0.5141337882392405,0.5253070175438597,0.0410087719298245
cnn,head_bn_eval,42,FreezerSmallTrain,10,10,0.4996491228070175,0.3344196786819737,0.5527631578947368,-0.0531140350877192
cnn,head_bn_eval,42,GesturePebbleZ1,10,10,0.1976744186046511,0.1407462944470818,0.1962209302325581,0.001453488372093
cnn,head_bn_eval,42,GesturePebbleZ2,10,10,0.170886075949367,0.0767773892773892,0.2041139240506329,-0.0332278481012658
cnn,head_bn_eval,42,InsectWingbeatSound,10,10,0.2393939393939393,0.202643554714539,0.1378787878787878,0.1015151515151515
cnn,head_bn_eval,42,ItalyPowerDemand,10,10,0.9436345966958212,0.9436226166995398,0.7742954324586978,0.1693391642371233
cnn,head_bn_eval,42,Lightning2,10,10,0.639344262295082,0.6161327231121281,0.5389344262295082,0.1004098360655738
cnn,head_bn_eval,42,Lightning7,10,10,0.4383561643835616,0.4181434925795828,0.2482876712328767,0.1900684931506849
cnn,head_bn_eval,42,MoteStrain,10,10,0.4968051118210863,0.4329971015826279,0.4822284345047923,0.0145766773162939
cnn,head_bn_eval,42,Phoneme,10,7,0.1170886075949367,0.0446791993409922,0.0673786919831223,0.0497099156118144
cnn,head_bn_eval,42,PickupGestureWiimoteZ,10,10,0.26,0.2147936858463174,0.1325,0.1275
cnn,head_bn_eval,42,Plane,10,10,0.3047619047619048,0.1986109128966272,0.2273809523809523,0.0773809523809525
cnn,head_bn_eval,42,ShakeGestureWiimoteZ,10,10,0.4,0.3315508021390374,0.185,0.215
cnn,head_bn_eval,42,SonyAIBORobotSurface1,10,10,0.5856905158069884,0.4037342067201377,0.8217554076539102,-0.2360648918469218
cnn,head_bn_eval,42,SonyAIBORobotSurface2,10,10,0.3830010493179433,0.2769347496206373,0.5422350472193075,-0.1592339979013641
cnn,head_bn_eval,42,StarLightCurves,10,10,0.8447061680427392,0.7837482021967145,0.4043224866440019,0.4403836813987373
cnn,head_bn_eval,42,Trace,10,10,0.19,0.0798319327731092,0.2925,-0.1024999999999999
cnn,head_bn_eval,42,Wafer,10,10,0.8256002595717067,0.7110549613903445,0.8087280986372485,0.0168721609344582
cnn,head_bn_eval,63,AllGestureWiimoteX,10,10,0.3214285714285714,0.3072276820011516,0.1910714285714285,0.1303571428571429
cnn,head_bn_eval,63,AllGestureWiimoteY,10,10,0.3071428571428571,0.2787242694377697,0.1935714285714285,0.1135714285714286
cnn,head_bn_eval,63,AllGestureWiimoteZ,10,10,0.2714285714285714,0.2311439921577733,0.21625,0.0551785714285714
cnn,head_bn_eval,63,Car,10,10,0.3166666666666666,0.120253164556962,0.25,0.0666666666666666
cnn,head_bn_eval,63,ChlorineConcentration,10,10,0.4041666666666667,0.3717587099619153,0.2523763020833333,0.1517903645833334
cnn,head_bn_eval,63,CinCECGTorso,10,10,0.2826086956521739,0.2323553895295573,0.2730978260869565,0.0095108695652174
cnn,head_bn_eval,63,DodgerLoopDay,10,10,0.15,0.0372670807453416,0.1671875,-0.0171874999999999
cnn,head_bn_eval,63,DodgerLoopGame,10,10,0.5217391304347826,0.3428571428571428,0.5253623188405797,-0.0036231884057971
cnn,head_bn_eval,63,DodgerLoopWeekend,10,10,0.2608695652173913,0.2068965517241379,0.2608695652173913,0.0
cnn,head_bn_eval,63,Earthquakes,10,10,0.5827338129496403,0.5544871794871795,0.6528776978417267,-0.0701438848920863
cnn,head_bn_eval,63,FordA,10,5,0.9515151515151516,0.9514749367588842,0.9327651515151516,0.0187499999999999
cnn,head_bn_eval,63,FordB,10,10,0.8358024691358025,0.8357120744686529,0.7816358024691358,0.0541666666666666
cnn,head_bn_eval,63,FreezerRegularTrain,10,10,0.5059649122807017,0.3464533432703,0.5253070175438597,-0.0193421052631579
cnn,head_bn_eval,63,FreezerSmallTrain,10,10,0.7214035087719298,0.7138179310916981,0.5527631578947368,0.1686403508771929
cnn,head_bn_eval,63,GesturePebbleZ1,10,10,0.3023255813953488,0.2700171651684409,0.1962209302325581,0.1061046511627907
cnn,head_bn_eval,63,GesturePebbleZ2,10,10,0.2278481012658227,0.1866460650925125,0.2041139240506329,0.0237341772151898
cnn,head_bn_eval,63,InsectWingbeatSound,10,10,0.101010101010101,0.0380710786621572,0.1378787878787878,-0.0368686868686867
cnn,head_bn_eval,63,ItalyPowerDemand,10,10,0.7142857142857143,0.68981872616167,0.7742954324586978,-0.0600097181729835
cnn,head_bn_eval,63,Lightning2,10,10,0.4918032786885246,0.3789819376026273,0.5389344262295082,-0.0471311475409835
cnn,head_bn_eval,63,Lightning7,10,10,0.3698630136986301,0.3121666057727438,0.2482876712328767,0.1215753424657534
cnn,head_bn_eval,63,MoteStrain,10,10,0.4784345047923323,0.3553897161149417,0.4822284345047923,-0.00379392971246
cnn,head_bn_eval,63,Phoneme,10,10,0.0770042194092827,0.0366125510639583,0.0673786919831223,0.0096255274261604
cnn,head_bn_eval,63,PickupGestureWiimoteZ,10,10,0.16,0.0799457994579945,0.1325,0.0274999999999999
cnn,head_bn_eval,63,Plane,10,10,0.2857142857142857,0.1255222298434869,0.2273809523809523,0.0583333333333334
cnn,head_bn_eval,63,ShakeGestureWiimoteZ,10,10,0.22,0.1338383838383838,0.185,0.035
cnn,head_bn_eval,63,SonyAIBORobotSurface1,6,1,0.9550748752079868,0.9545264750802168,0.8217554076539102,0.1333194675540765
cnn,head_bn_eval,63,SonyAIBORobotSurface2,10,10,0.832109129066107,0.8255345635618043,0.5422350472193075,0.2898740818467995
cnn,head_bn_eval,63,StarLightCurves,10,10,0.7353084021369597,0.5953854467173705,0.4043224866440019,0.3309859154929578
cnn,head_bn_eval,63,Trace,10,10,0.43,0.35,0.2925,0.1375
cnn,head_bn_eval,63,Wafer,10,10,0.8116482803374432,0.653403814890309,0.8087280986372485,0.0029201817001947
cnn,head_bn_eval,84,AllGestureWiimoteX,10,10,0.3414285714285714,0.3079213955472296,0.1910714285714285,0.1503571428571429
cnn,head_bn_eval,84,AllGestureWiimoteY,10,10,0.2957142857142857,0.2592920851100359,0.1935714285714285,0.1021428571428572
cnn,head_bn_eval,84,AllGestureWiimoteZ,10,10,0.37,0.3452926296083318,0.21625,0.15375
cnn,head_bn_eval,84,Car,10,10,0.2333333333333333,0.0945945945945946,0.25,-0.0166666666666666
cnn,head_bn_eval,84,ChlorineConcentration,10,10,0.38125,0.3441369585359455,0.2523763020833333,0.1288736979166667
cnn,head_bn_eval,84,CinCECGTorso,10,10,0.2507246376811594,0.1189373750832778,0.2730978260869565,-0.022373188405797
cnn,head_bn_eval,84,DodgerLoopDay,10,10,0.175,0.1205408992865438,0.1671875,0.0078125
cnn,head_bn_eval,84,DodgerLoopGame,10,10,0.5217391304347826,0.3428571428571428,0.5253623188405797,-0.0036231884057971
cnn,head_bn_eval,84,DodgerLoopWeekend,10,10,0.2608695652173913,0.2068965517241379,0.2608695652173913,0.0
cnn,head_bn_eval,84,Earthquakes,10,6,0.5035971223021583,0.4931029015379736,0.6528776978417267,-0.1492805755395684
cnn,head_bn_eval,84,FordA,10,10,0.9537878787878789,0.9537685360782836,0.9327651515151516,0.0210227272727271
cnn,head_bn_eval,84,FordB,10,10,0.8419753086419753,0.8419280870371273,0.7816358024691358,0.0603395061728395
cnn,head_bn_eval,84,FreezerRegularTrain,10,10,0.4947368421052631,0.3309859154929577,0.5253070175438597,-0.0305701754385965
cnn,head_bn_eval,84,FreezerSmallTrain,10,10,0.5,0.3333333333333333,0.5527631578947368,-0.0527631578947368
cnn,head_bn_eval,84,GesturePebbleZ1,10,10,0.2209302325581395,0.1746297764388774,0.1962209302325581,0.0247093023255814
cnn,head_bn_eval,84,GesturePebbleZ2,10,10,0.1835443037974683,0.1336345386837843,0.2041139240506329,-0.0205696202531645
cnn,head_bn_eval,84,InsectWingbeatSound,10,10,0.1742424242424242,0.1210548246973899,0.1378787878787878,0.0363636363636364
cnn,head_bn_eval,84,ItalyPowerDemand,10,10,0.8824101068999028,0.8817651332064023,0.7742954324586978,0.108114674441205
cnn,head_bn_eval,84,Lightning2,10,10,0.6229508196721312,0.6192672998643147,0.5389344262295082,0.084016393442623
cnn,head_bn_eval,84,Lightning7,10,10,0.1917808219178082,0.1547619047619047,0.2482876712328767,-0.0565068493150685
cnn,head_bn_eval,84,MoteStrain,10,10,0.4880191693290734,0.397624671709154,0.4822284345047923,0.0057907348242811
cnn,head_bn_eval,84,Phoneme,10,10,0.0527426160337552,0.0332194616262705,0.0673786919831223,-0.014636075949367
cnn,head_bn_eval,84,PickupGestureWiimoteZ,10,10,0.12,0.0710273466371027,0.1325,-0.0125
cnn,head_bn_eval,84,Plane,10,10,0.2571428571428571,0.1579091406677613,0.2273809523809523,0.0297619047619048
cnn,head_bn_eval,84,ShakeGestureWiimoteZ,10,10,0.28,0.2193196509372979,0.185,0.095
cnn,head_bn_eval,84,SonyAIBORobotSurface1,10,10,0.9750415973377704,0.9745913906668808,0.8217554076539102,0.1532861896838602
cnn,head_bn_eval,84,SonyAIBORobotSurface2,10,10,0.4102833158447009,0.3248530168110446,0.5422350472193075,-0.1319517313746065
cnn,head_bn_eval,84,StarLightCurves,10,10,0.5526954832442933,0.5462611695454277,0.4043224866440019,0.1483729966002914
cnn,head_bn_eval,84,Trace,10,10,0.42,0.3486166007905138,0.2925,0.1275
cnn,head_bn_eval,84,Wafer,10,10,0.7006813757300454,0.5867030261266174,0.8087280986372485,-0.108046722907203
cnn,head_bn_eval,105,AllGestureWiimoteX,10,10,0.3471428571428571,0.3199111939461287,0.1910714285714285,0.1560714285714286
cnn,head_bn_eval,105,AllGestureWiimoteY,10,10,0.2857142857142857,0.2699167887611025,0.1935714285714285,0.0921428571428571
cnn,head_bn_eval,105,AllGestureWiimoteZ,10,10,0.2628571428571428,0.2151346363653231,0.21625,0.0466071428571428
cnn,head_bn_eval,105,Car,10,10,0.1,0.0454545454545454,0.25,-0.15
cnn,head_bn_eval,105,ChlorineConcentration,10,10,0.38046875,0.366752966558586,0.2523763020833333,0.1280924479166667
cnn,head_bn_eval,105,CinCECGTorso,10,10,0.336231884057971,0.2811364058604414,0.2730978260869565,0.0631340579710145
cnn,head_bn_eval,105,DodgerLoopDay,10,10,0.1375,0.0345368916797488,0.1671875,-0.0296874999999999
cnn,head_bn_eval,105,DodgerLoopGame,10,10,0.5217391304347826,0.3428571428571428,0.5253623188405797,-0.0036231884057971
cnn,head_bn_eval,105,DodgerLoopWeekend,10,10,0.2608695652173913,0.2068965517241379,0.2608695652173913,0.0
cnn,head_bn_eval,105,Earthquakes,10,10,0.7553956834532374,0.5232041969330106,0.6528776978417267,0.1025179856115107
cnn,head_bn_eval,105,FordA,10,10,0.9507575757575758,0.9507337965581412,0.9327651515151516,0.0179924242424242
cnn,head_bn_eval,105,FordB,10,10,0.8419753086419753,0.8418123230153305,0.7816358024691358,0.0603395061728395
cnn,head_bn_eval,105,FreezerRegularTrain,10,6,0.7592982456140351,0.7574914561973827,0.5253070175438597,0.2339912280701754
cnn,head_bn_eval,105,FreezerSmallTrain,8,3,0.7231578947368421,0.7172196287920507,0.5527631578947368,0.1703947368421052
cnn,head_bn_eval,105,GesturePebbleZ1,10,10,0.2906976744186046,0.2469289164941338,0.1962209302325581,0.0944767441860465
cnn,head_bn_eval,105,GesturePebbleZ2,10,10,0.1582278481012658,0.0556931479011875,0.2041139240506329,-0.045886075949367
cnn,head_bn_eval,105,InsectWingbeatSound,10,10,0.2777777777777778,0.2223706963792936,0.1378787878787878,0.13989898989899
cnn,head_bn_eval,105,ItalyPowerDemand,10,10,0.5131195335276968,0.3642014362936077,0.7742954324586978,-0.261175898931001
cnn,head_bn_eval,105,Lightning2,10,10,0.5737704918032787,0.5463386727688787,0.5389344262295082,0.0348360655737705
cnn,head_bn_eval,105,Lightning7,10,10,0.2328767123287671,0.217161809291344,0.2482876712328767,-0.0154109589041095
cnn,head_bn_eval,105,MoteStrain,10,10,0.5758785942492013,0.5182574102455408,0.4822284345047923,0.0936501597444089
cnn,head_bn_eval,105,Phoneme,10,10,0.0516877637130801,0.0335234057159576,0.0673786919831223,-0.0156909282700421
cnn,head_bn_eval,105,PickupGestureWiimoteZ,10,10,0.1,0.0550381867455038,0.1325,-0.0325
cnn,head_bn_eval,105,Plane,10,10,0.4380952380952381,0.4058441558441558,0.2273809523809523,0.2107142857142858
cnn,head_bn_eval,105,ShakeGestureWiimoteZ,10,10,0.14,0.0798701298701298,0.185,-0.0449999999999999
cnn,head_bn_eval,105,SonyAIBORobotSurface1,10,10,0.8053244592346089,0.8047709875977644,0.8217554076539102,-0.0164309484193012
cnn,head_bn_eval,105,SonyAIBORobotSurface2,10,10,0.385099685204617,0.2807454536087785,0.5422350472193075,-0.1571353620146904
cnn,head_bn_eval,105,StarLightCurves,10,10,0.7109033511413307,0.6460072946807432,0.4043224866440019,0.3065808644973288
cnn,head_bn_eval,105,Trace,10,10,0.31,0.2174831081081081,0.2925,0.0175
cnn,head_bn_eval,105,Wafer,10,10,0.7199870214146658,0.5973299110429573,0.8087280986372485,-0.0887410772225827
cnn,head_bn_eval,126,AllGestureWiimoteX,10,10,0.2828571428571428,0.2582136322849593,0.1910714285714285,0.0917857142857143
cnn,head_bn_eval,126,AllGestureWiimoteY,10,10,0.24,0.2301892060270106,0.1935714285714285,0.0464285714285714
cnn,head_bn_eval,126,AllGestureWiimoteZ,10,10,0.2828571428571428,0.2468349003489696,0.21625,0.0666071428571428
cnn,head_bn_eval,126,Car,10,10,0.3666666666666666,0.256140350877193,0.25,0.1166666666666666
cnn,head_bn_eval,126,ChlorineConcentration,10,10,0.35234375,0.3414610584276188,0.2523763020833333,0.0999674479166667
cnn,head_bn_eval,126,CinCECGTorso,10,10,0.25,0.105567972806221,0.2730978260869565,-0.0230978260869564
cnn,head_bn_eval,126,DodgerLoopDay,10,10,0.15,0.0376766091051805,0.1671875,-0.0171874999999999
cnn,head_bn_eval,126,DodgerLoopGame,10,10,0.5507246376811594,0.4066574202496533,0.5253623188405797,0.0253623188405797
cnn,head_bn_eval,126,DodgerLoopWeekend,10,10,0.2608695652173913,0.2068965517241379,0.2608695652173913,0.0
cnn,head_bn_eval,126,Earthquakes,8,3,0.5827338129496403,0.5608932461873638,0.6528776978417267,-0.0701438848920863
cnn,head_bn_eval,126,FordA,10,10,0.9462121212121212,0.9461784827638486,0.9327651515151516,0.0134469696969695
cnn,head_bn_eval,126,FordB,7,2,0.8061728395061728,0.8054609231465858,0.7816358024691358,0.024537037037037
cnn,head_bn_eval,126,FreezerRegularTrain,9,4,0.7568421052631579,0.7565363406846813,0.5253070175438597,0.2315350877192982
cnn,head_bn_eval,126,FreezerSmallTrain,10,10,0.5,0.3333333333333333,0.5527631578947368,-0.0527631578947368
cnn,head_bn_eval,126,GesturePebbleZ1,10,10,0.2848837209302325,0.2438836877351121,0.1962209302325581,0.0886627906976744
cnn,head_bn_eval,126,GesturePebbleZ2,10,10,0.2974683544303797,0.2715062446167097,0.2041139240506329,0.0933544303797468
cnn,head_bn_eval,126,InsectWingbeatSound,10,10,0.206060606060606,0.1885009493666568,0.1378787878787878,0.0681818181818182
cnn,head_bn_eval,126,ItalyPowerDemand,10,10,0.9397473275024296,0.9396852948517233,0.7742954324586978,0.1654518950437317
cnn,head_bn_eval,126,Lightning2,10,10,0.6065573770491803,0.5642857142857143,0.5389344262295082,0.0676229508196721
cnn,head_bn_eval,126,Lightning7,10,10,0.3150684931506849,0.2230406088164709,0.2482876712328767,0.0667808219178082
cnn,head_bn_eval,126,MoteStrain,10,10,0.4728434504792332,0.4095200528224872,0.4822284345047923,-0.009384984025559
cnn,head_bn_eval,126,Phoneme,10,10,0.1123417721518987,0.0498123883968992,0.0673786919831223,0.0449630801687764
cnn,head_bn_eval,126,PickupGestureWiimoteZ,10,10,0.12,0.057051282051282,0.1325,-0.0125
cnn,head_bn_eval,126,Plane,10,10,0.2095238095238095,0.1125881545278661,0.2273809523809523,-0.0178571428571427
cnn,head_bn_eval,126,ShakeGestureWiimoteZ,10,10,0.2,0.1757954463836816,0.185,0.015
cnn,head_bn_eval,126,SonyAIBORobotSurface1,10,10,0.9217970049916804,0.9197494211401054,0.8217554076539102,0.1000415973377703
cnn,head_bn_eval,126,SonyAIBORobotSurface2,10,10,0.8163693599160545,0.8157778752293456,0.5422350472193075,0.274134312696747
cnn,head_bn_eval,126,StarLightCurves,10,10,0.7686983972802331,0.731627091201255,0.4043224866440019,0.3643759106362312
cnn,head_bn_eval,126,Trace,10,10,0.46,0.3029411764705882,0.2925,0.1675
cnn,head_bn_eval,126,Wafer,10,10,0.7225827384815056,0.6080553096397413,0.8087280986372485,-0.0861453601557429
cnn,head_bn_eval,147,AllGestureWiimoteX,10,10,0.1942857142857142,0.1539159511453547,0.1910714285714285,0.0032142857142857
cnn,head_bn_eval,147,AllGestureWiimoteY,10,10,0.27,0.2435976332933736,0.1935714285714285,0.0764285714285715
cnn,head_bn_eval,147,AllGestureWiimoteZ,10,10,0.2042857142857143,0.1447224198215846,0.21625,-0.0119642857142857
cnn,head_bn_eval,147,Car,10,10,0.3166666666666666,0.120253164556962,0.25,0.0666666666666666
cnn,head_bn_eval,147,ChlorineConcentration,10,10,0.4190104166666666,0.3696822312764893,0.2523763020833333,0.1666341145833333
cnn,head_bn_eval,147,CinCECGTorso,10,10,0.2485507246376811,0.0995356935577481,0.2730978260869565,-0.0245471014492753
cnn,head_bn_eval,147,DodgerLoopDay,10,10,0.1375,0.0345368916797488,0.1671875,-0.0296874999999999
cnn,head_bn_eval,147,DodgerLoopGame,10,10,0.5652173913043478,0.5253382251777114,0.5253623188405797,0.039855072463768
cnn,head_bn_eval,147,DodgerLoopWeekend,10,10,0.2608695652173913,0.2068965517241379,0.2608695652173913,0.0
cnn,head_bn_eval,147,Earthquakes,10,10,0.5611510791366906,0.5452400107267363,0.6528776978417267,-0.091726618705036
cnn,head_bn_eval,147,FordA,10,10,0.9454545454545454,0.9453938719789664,0.9327651515151516,0.0126893939393938
cnn,head_bn_eval,147,FordB,10,7,0.8098765432098766,0.8098579955978025,0.7816358024691358,0.0282407407407407
cnn,head_bn_eval,147,FreezerRegularTrain,10,10,0.4947368421052631,0.357811200248363,0.5253070175438597,-0.0305701754385965
cnn,head_bn_eval,147,FreezerSmallTrain,10,10,0.5,0.3333333333333333,0.5527631578947368,-0.0527631578947368
cnn,head_bn_eval,147,GesturePebbleZ1,10,10,0.1802325581395348,0.1073910434735176,0.1962209302325581,-0.0159883720930232
cnn,head_bn_eval,147,GesturePebbleZ2,10,10,0.2025316455696202,0.1173864894795127,0.2041139240506329,-0.0015822784810126
cnn,head_bn_eval,147,InsectWingbeatSound,10,10,0.1914141414141414,0.1146759788616291,0.1378787878787878,0.0535353535353536
cnn,head_bn_eval,147,ItalyPowerDemand,10,10,0.9523809523809524,0.9523744754164788,0.7742954324586978,0.1780855199222545
cnn,head_bn_eval,147,Lightning2,10,10,0.5409836065573771,0.351063829787234,0.5389344262295082,0.0020491803278689
cnn,head_bn_eval,147,Lightning7,10,10,0.2876712328767123,0.203377504848093,0.2482876712328767,0.0393835616438356
cnn,head_bn_eval,147,MoteStrain,10,10,0.4752396166134185,0.3514411079441297,0.4822284345047923,-0.0069888178913737
cnn,head_bn_eval,147,Phoneme,10,10,0.0654008438818565,0.0298864459694033,0.0673786919831223,-0.0019778481012657
cnn,head_bn_eval,147,PickupGestureWiimoteZ,10,10,0.18,0.0671052631578947,0.1325,0.0474999999999999
cnn,head_bn_eval,147,Plane,10,10,0.2952380952380952,0.1995084485407066,0.2273809523809523,0.0678571428571429
cnn,head_bn_eval,147,ShakeGestureWiimoteZ,10,10,0.16,0.1133954933954934,0.185,-0.0249999999999999
cnn,head_bn_eval,147,SonyAIBORobotSurface1,10,10,0.8851913477537438,0.8848227304920218,0.8217554076539102,0.0634359400998335
cnn,head_bn_eval,147,SonyAIBORobotSurface2,10,10,0.4774396642182581,0.4299746331901646,0.5422350472193075,-0.0647953830010493
cnn,head_bn_eval,147,StarLightCurves,10,10,0.7888538125303546,0.6592184017277797,0.4043224866440019,0.3845313258863527
cnn,head_bn_eval,147,Trace,10,10,0.18,0.0762711864406779,0.2925,-0.1124999999999999
cnn,head_bn_eval,147,Wafer,10,10,0.7817975340687865,0.65711376909539,0.8087280986372485,-0.0269305645684619
cnn,head,7,AllGestureWiimoteX,10,10,0.3757142857142857,0.3508229923802461,0.1910714285714285,0.1846428571428572
cnn,head,7,AllGestureWiimoteY,10,10,0.5,0.4888779513301053,0.1935714285714285,0.3064285714285715
cnn,head,7,AllGestureWiimoteZ,10,10,0.39,0.3690380653589351,0.21625,0.17375
cnn,head,7,Car,6,1,0.2333333333333333,0.1320754716981132,0.25,-0.0166666666666666
cnn,head,7,ChlorineConcentration,10,9,0.4627604166666667,0.4449979579560386,0.2523763020833333,0.2103841145833334
cnn,head,7,CinCECGTorso,10,10,0.4188405797101449,0.3912362411622069,0.2730978260869565,0.1457427536231884
cnn,head,7,DodgerLoopDay,10,10,0.45,0.4017835808158388,0.1671875,0.2828125
cnn,head,7,DodgerLoopGame,10,10,0.6376811594202898,0.5878136200716846,0.5253623188405797,0.11231884057971
cnn,head,7,DodgerLoopWeekend,10,10,0.8985507246376812,0.8767857142857143,0.2608695652173913,0.6376811594202898
cnn,head,7,Earthquakes,8,3,0.5035971223021583,0.4951308101279149,0.6528776978417267,-0.1492805755395684
cnn,head,7,FordA,10,10,0.9424242424242424,0.9423903855341984,0.9327651515151516,0.0096590909090907
cnn,head,7,FordB,10,8,0.8222222222222222,0.8217429577464789,0.7816358024691358,0.0405864197530864
cnn,head,7,FreezerRegularTrain,10,10,0.7814035087719299,0.7810217357710377,0.5253070175438597,0.2560964912280702
cnn,head,7,FreezerSmallTrain,10,10,0.708421052631579,0.707533517225743,0.5527631578947368,0.1556578947368421
cnn,head,7,GesturePebbleZ1,10,9,0.4186046511627907,0.3941926641457616,0.1962209302325581,0.2223837209302326
cnn,head,7,GesturePebbleZ2,10,10,0.3860759493670886,0.3813906514653675,0.2041139240506329,0.1819620253164557
cnn,head,7,InsectWingbeatSound,10,10,0.3388888888888889,0.3115828651215117,0.1378787878787878,0.2010101010101011
cnn,head,7,ItalyPowerDemand,10,8,0.9494655004859086,0.9494444444444444,0.7742954324586978,0.1751700680272108
cnn,head,7,Lightning2,10,6,0.6557377049180327,0.6462303231151616,0.5389344262295082,0.1168032786885245
cnn,head,7,Lightning7,10,10,0.5616438356164384,0.5539865595607107,0.2482876712328767,0.3133561643835617
cnn,head,7,MoteStrain,10,10,0.8426517571884984,0.8356170226662748,0.4822284345047923,0.3604233226837061
cnn,head,7,Phoneme,10,6,0.0775316455696202,0.0462259825788618,0.0673786919831223,0.0101529535864979
cnn,head,7,PickupGestureWiimoteZ,10,10,0.14,0.0716666666666666,0.1325,0.0075
cnn,head,7,Plane,10,10,0.9714285714285714,0.9722346618898344,0.2273809523809523,0.7440476190476191
cnn,head,7,ShakeGestureWiimoteZ,10,10,0.26,0.1964646464646464,0.185,0.075
cnn,head,7,SonyAIBORobotSurface1,7,2,0.9500831946755408,0.9485116055926164,0.8217554076539102,0.1283277870216306
cnn,head,7,SonyAIBORobotSurface2,10,10,0.8583420776495279,0.8570673107368108,0.5422350472193075,0.3161070304302203
cnn,head,7,StarLightCurves,10,10,0.8895094706168043,0.8668020749968935,0.4043224866440019,0.4851869839728024
cnn,head,7,Trace,10,10,0.75,0.7296364473078693,0.2925,0.4575
cnn,head,7,Wafer,7,2,0.9873458792991564,0.9666893452629216,0.8087280986372485,0.1786177806619079
cnn,head,21,AllGestureWiimoteX,10,10,0.5042857142857143,0.4878505723133327,0.1910714285714285,0.3132142857142858
cnn,head,21,AllGestureWiimoteY,10,10,0.5257142857142857,0.5116935529432333,0.1935714285714285,0.3321428571428572
cnn,head,21,AllGestureWiimoteZ,10,10,0.4685714285714286,0.4350076587014208,0.21625,0.2523214285714286
cnn,head,21,Car,6,1,0.2166666666666666,0.0890410958904109,0.25,-0.0333333333333333
cnn,head,21,ChlorineConcentration,6,1,0.36875,0.3714531586081624,0.2523763020833333,0.1163736979166667
cnn,head,21,CinCECGTorso,10,10,0.3413043478260869,0.2797965802543397,0.2730978260869565,0.0682065217391304
cnn,head,21,DodgerLoopDay,10,10,0.45,0.3765342019193817,0.1671875,0.2828125
cnn,head,21,DodgerLoopGame,10,10,0.6304347826086957,0.5544159544159544,0.5253623188405797,0.1050724637681159
cnn,head,21,DodgerLoopWeekend,10,10,0.9057971014492754,0.8880079905112679,0.2608695652173913,0.644927536231884
cnn,head,21,Earthquakes,6,1,0.4820143884892086,0.4813432835820895,0.6528776978417267,-0.170863309352518
cnn,head,21,FordA,10,10,0.95,0.94996278223472,0.9327651515151516,0.0172348484848483
cnn,head,21,FordB,8,3,0.828395061728395,0.8282314352187345,0.7816358024691358,0.0467592592592592
cnn,head,21,FreezerRegularTrain,7,2,0.7694736842105263,0.769434823794863,0.5253070175438597,0.2441666666666666
cnn,head,21,FreezerSmallTrain,10,10,0.7649122807017544,0.7647536831232729,0.5527631578947368,0.2121491228070176
cnn,head,21,GesturePebbleZ1,10,10,0.4302325581395348,0.4244250067050876,0.1962209302325581,0.2340116279069767
cnn,head,21,GesturePebbleZ2,10,10,0.3987341772151899,0.3745146786242677,0.2041139240506329,0.194620253164557
cnn,head,21,InsectWingbeatSound,10,10,0.3949494949494949,0.3611009361453408,0.1378787878787878,0.2570707070707071
cnn,head,21,ItalyPowerDemand,10,10,0.9251700680272108,0.9250202275899596,0.7742954324586978,0.1508746355685131
cnn,head,21,Lightning2,10,10,0.5901639344262295,0.5510744774801295,0.5389344262295082,0.0512295081967213
cnn,head,21,Lightning7,10,10,0.4520547945205479,0.4435353088603863,0.2482876712328767,0.2037671232876712
cnn,head,21,MoteStrain,10,10,0.792332268370607,0.7918542314617778,0.4822284345047923,0.3101038338658147
cnn,head,21,Phoneme,10,8,0.1487341772151898,0.0785952695036869,0.0673786919831223,0.0813554852320675
cnn,head,21,PickupGestureWiimoteZ,10,10,0.18,0.1968627450980392,0.1325,0.0474999999999999
cnn,head,21,Plane,10,10,0.9904761904761904,0.9907834101382488,0.2273809523809523,0.7630952380952383
cnn,head,21,ShakeGestureWiimoteZ,10,10,0.52,0.4654878454878455,0.185,0.335
cnn,head,21,SonyAIBORobotSurface1,10,10,0.9234608985024958,0.9228144822657018,0.8217554076539102,0.1017054908485856
cnn,head,21,SonyAIBORobotSurface2,10,10,0.9076600209863588,0.9055934294539856,0.5422350472193075,0.3654249737670514
cnn,head,21,StarLightCurves,10,10,0.9249635745507528,0.9041877963789128,0.4043224866440019,0.5206410879067509
cnn,head,21,Trace,10,10,0.92,0.9148550724637682,0.2925,0.6275000000000001
cnn,head,21,Wafer,10,7,0.9904282933160286,0.9753165000708924,0.8087280986372485,0.18170019467878
cnn,head,42,AllGestureWiimoteX,10,10,0.5028571428571429,0.4921455924915997,0.1910714285714285,0.3117857142857144
cnn,head,42,AllGestureWiimoteY,10,10,0.52,0.5042357015567592,0.1935714285714285,0.3264285714285715
cnn,head,42,AllGestureWiimoteZ,10,10,0.4942857142857143,0.4603024397234377,0.21625,0.2780357142857143
cnn,head,42,Car,10,10,0.3,0.1994671994671994,0.25,0.0499999999999999
cnn,head,42,ChlorineConcentration,7,2,0.3096354166666666,0.3073261540240662,0.2523763020833333,0.0572591145833333
cnn,head,42,CinCECGTorso,10,10,0.2782608695652174,0.2412944624290396,0.2730978260869565,0.0051630434782609
cnn,head,42,DodgerLoopDay,10,10,0.425,0.3811651933500673,0.1671875,0.2578125
cnn,head,42,DodgerLoopGame,10,10,0.5797101449275363,0.5774915540540541,0.5253623188405797,0.0543478260869565
cnn,head,42,DodgerLoopWeekend,10,10,0.9202898550724636,0.9009332376166548,0.2608695652173913,0.6594202898550725
cnn,head,42,Earthquakes,10,5,0.5899280575539568,0.5773272872766071,0.6528776978417267,-0.0629496402877698
cnn,head,42,FordA,10,6,0.9454545454545454,0.9454044117647058,0.9327651515151516,0.0126893939393938
cnn,head,42,FordB,10,10,0.8074074074074075,0.8071428571428572,0.7816358024691358,0.0257716049382716
cnn,head,42,FreezerRegularTrain,10,9,0.7856140350877193,0.7850729401728032,0.5253070175438597,0.2603070175438596
cnn,head,42,FreezerSmallTrain,10,10,0.7536842105263157,0.7501703242253994,0.5527631578947368,0.2009210526315789
cnn,head,42,GesturePebbleZ1,10,10,0.4883720930232558,0.4795625625708937,0.1962209302325581,0.2921511627906977
cnn,head,42,GesturePebbleZ2,10,10,0.5443037974683544,0.543282900674205,0.2041139240506329,0.3401898734177215
cnn,head,42,InsectWingbeatSound,10,10,0.3742424242424242,0.3454191974220368,0.1378787878787878,0.2363636363636364
cnn,head,42,ItalyPowerDemand,10,10,0.9484936831875608,0.9484919319421424,0.7742954324586978,0.1741982507288629
cnn,head,42,Lightning2,10,10,0.6721311475409836,0.6677559912854031,0.5389344262295082,0.1331967213114754
cnn,head,42,Lightning7,6,1,0.4383561643835616,0.4451231527093596,0.2482876712328767,0.1900684931506849
cnn,head,42,MoteStrain,10,10,0.797923322683706,0.7971955574023339,0.4822284345047923,0.3156948881789137
cnn,head,42,Phoneme,10,6,0.1286919831223628,0.0736859226699068,0.0673786919831223,0.0613132911392405
cnn,head,42,PickupGestureWiimoteZ,6,1,0.24,0.2234756431308155,0.1325,0.1074999999999999
cnn,head,42,Plane,10,10,0.9714285714285714,0.9722346618898344,0.2273809523809523,0.7440476190476191
cnn,head,42,ShakeGestureWiimoteZ,10,10,0.58,0.5669408369408369,0.185,0.3949999999999999
cnn,head,42,SonyAIBORobotSurface1,10,10,0.870216306156406,0.864920470262794,0.8217554076539102,0.0484608985024958
cnn,head,42,SonyAIBORobotSurface2,10,10,0.8331584470094439,0.832304653131692,0.5422350472193075,0.2909233997901363
cnn,head,42,StarLightCurves,10,10,0.8964303059737737,0.8738888530778967,0.4043224866440019,0.4921078193297718
cnn,head,42,Trace,10,10,0.75,0.7081470442126179,0.2925,0.4575
cnn,head,42,Wafer,10,10,0.9933484750162233,0.982665173649039,0.8087280986372485,0.1846203763789747
cnn,head,63,AllGestureWiimoteX,10,10,0.5185714285714286,0.5044555476287529,0.1910714285714285,0.3275
cnn,head,63,AllGestureWiimoteY,10,10,0.5528571428571428,0.5457677754507438,0.1935714285714285,0.3592857142857143
cnn,head,63,AllGestureWiimoteZ,10,10,0.4657142857142857,0.4440809574324344,0.21625,0.2494642857142857
cnn,head,63,Car,10,10,0.1,0.0491803278688524,0.25,-0.15
cnn,head,63,ChlorineConcentration,10,10,0.42890625,0.407734814657881,0.2523763020833333,0.1765299479166667
cnn,head,63,CinCECGTorso,6,1,0.222463768115942,0.1865717037335662,0.2730978260869565,-0.0506340579710144
cnn,head,63,DodgerLoopDay,10,10,0.3875,0.331045997036325,0.1671875,0.2203125
cnn,head,63,DodgerLoopGame,10,10,0.5289855072463768,0.3594229807898307,0.5253623188405797,0.0036231884057971
cnn,head,63,DodgerLoopWeekend,10,10,0.8333333333333334,0.8135025559668605,0.2608695652173913,0.5724637681159421
cnn,head,63,Earthquakes,10,5,0.6187050359712231,0.5912898751733704,0.6528776978417267,-0.0341726618705036
cnn,head,63,FordA,9,4,0.9507575757575758,0.950730401696528,0.9327651515151516,0.0179924242424242
cnn,head,63,FordB,10,9,0.8296296296296296,0.8294799275083751,0.7816358024691358,0.0479938271604938
cnn,head,63,FreezerRegularTrain,10,10,0.7687719298245614,0.7687568694840206,0.5253070175438597,0.2434649122807017
cnn,head,63,FreezerSmallTrain,10,10,0.7624561403508772,0.7619219486012012,0.5527631578947368,0.2096929824561403
cnn,head,63,GesturePebbleZ1,10,10,0.5581395348837209,0.5507846876154234,0.1962209302325581,0.3619186046511628
cnn,head,63,GesturePebbleZ2,10,10,0.5759493670886076,0.570727773251766,0.2041139240506329,0.3718354430379746
cnn,head,63,InsectWingbeatSound,10,10,0.3914141414141414,0.3832367803545108,0.1378787878787878,0.2535353535353536
cnn,head,63,ItalyPowerDemand,10,10,0.9397473275024296,0.9397459048597678,0.7742954324586978,0.1654518950437317
cnn,head,63,Lightning2,10,10,0.7049180327868853,0.6983516483516483,0.5389344262295082,0.1659836065573771
cnn,head,63,Lightning7,10,10,0.3835616438356164,0.3743963593342475,0.2482876712328767,0.1352739726027397
cnn,head,63,MoteStrain,10,10,0.8761980830670927,0.875107396955236,0.4822284345047923,0.3939696485623004
cnn,head,63,Phoneme,10,5,0.0680379746835443,0.0598807207034447,0.0673786919831223,0.000659282700422
cnn,head,63,PickupGestureWiimoteZ,10,10,0.32,0.3078049401578813,0.1325,0.1875
cnn,head,63,Plane,10,10,0.9142857142857144,0.9111323459149546,0.2273809523809523,0.6869047619047619
cnn,head,63,ShakeGestureWiimoteZ,10,10,0.36,0.3168370518370518,0.185,0.175
cnn,head,63,SonyAIBORobotSurface1,6,1,0.9351081530782028,0.9346558833122852,0.8217554076539102,0.1133527454242927
cnn,head,63,SonyAIBORobotSurface2,10,10,0.8856243441762854,0.8837186914057034,0.5422350472193075,0.3433892969569779
cnn,head,63,StarLightCurves,10,10,0.9190140845070424,0.897184048013254,0.4043224866440019,0.5146915978630404
cnn,head,63,Trace,10,10,0.82,0.8012218045112782,0.2925,0.5275
cnn,head,63,Wafer,10,9,0.9933484750162233,0.9825258017264418,0.8087280986372485,0.1846203763789747
cnn,head,84,AllGestureWiimoteX,10,10,0.4871428571428571,0.4682647800415961,0.1910714285714285,0.2960714285714286
cnn,head,84,AllGestureWiimoteY,10,10,0.5571428571428572,0.5440486708131023,0.1935714285714285,0.3635714285714286
cnn,head,84,AllGestureWiimoteZ,10,10,0.4528571428571428,0.4152469632765922,0.21625,0.2366071428571428
cnn,head,84,Car,10,10,0.2333333333333333,0.0945945945945946,0.25,-0.0166666666666666
cnn,head,84,ChlorineConcentration,10,10,0.4549479166666667,0.4378056743456803,0.2523763020833333,0.2025716145833334
cnn,head,84,CinCECGTorso,10,10,0.3253623188405797,0.2831269610369682,0.2730978260869565,0.0522644927536232
cnn,head,84,DodgerLoopDay,10,10,0.375,0.3418270002402748,0.1671875,0.2078125
cnn,head,84,DodgerLoopGame,10,10,0.5362318840579711,0.3875173370319001,0.5253623188405797,0.0108695652173913
cnn,head,84,DodgerLoopWeekend,10,10,0.855072463768116,0.8048642533936652,0.2608695652173913,0.5942028985507246
cnn,head,84,Earthquakes,7,2,0.5251798561151079,0.5179697351828499,0.6528776978417267,-0.1276978417266188
cnn,head,84,FordA,10,6,0.9583333333333334,0.9583103398970622,0.9327651515151516,0.0255681818181817
cnn,head,84,FordB,10,9,0.8407407407407408,0.8406861063464837,0.7816358024691358,0.059104938271605
cnn,head,84,FreezerRegularTrain,10,10,0.7926315789473685,0.7921925288997782,0.5253070175438597,0.2673245614035088
cnn,head,84,FreezerSmallTrain,10,10,0.5,0.3333333333333333,0.5527631578947368,-0.0527631578947368
cnn,head,84,GesturePebbleZ1,10,10,0.5,0.4951218123492345,0.1962209302325581,0.3037790697674419
cnn,head,84,GesturePebbleZ2,10,10,0.4873417721518987,0.4604114123259014,0.2041139240506329,0.2832278481012658
cnn,head,84,InsectWingbeatSound,10,10,0.45,0.4363789243944344,0.1378787878787878,0.3121212121212122
cnn,head,84,ItalyPowerDemand,10,10,0.9416909620991254,0.9416895853481624,0.7742954324586978,0.1673955296404276
cnn,head,84,Lightning2,10,10,0.6721311475409836,0.6720430107526881,0.5389344262295082,0.1331967213114754
cnn,head,84,Lightning7,10,9,0.4383561643835616,0.4131482044525523,0.2482876712328767,0.1900684931506849
cnn,head,84,MoteStrain,10,10,0.8434504792332268,0.8433721405228758,0.4822284345047923,0.3612220447284345
cnn,head,84,Phoneme,10,10,0.1112869198312236,0.0726687621070231,0.0673786919831223,0.0439082278481013
cnn,head,84,PickupGestureWiimoteZ,10,10,0.3,0.2078571428571428,0.1325,0.1674999999999999
cnn,head,84,Plane,10,10,0.9904761904761904,0.9907834101382488,0.2273809523809523,0.7630952380952383
cnn,head,84,ShakeGestureWiimoteZ,10,10,0.52,0.4806565656565656,0.185,0.335
cnn,head,84,SonyAIBORobotSurface1,10,10,0.9717138103161398,0.9713248068346708,0.8217554076539102,0.1499584026622296
cnn,head,84,SonyAIBORobotSurface2,10,10,0.8835257082896117,0.8818348259017686,0.5422350472193075,0.3412906610703042
cnn,head,84,StarLightCurves,10,10,0.8969159786304031,0.8733620620416845,0.4043224866440019,0.4925934919864012
cnn,head,84,Trace,10,10,0.97,0.9675563736769444,0.2925,0.6775
cnn,head,84,Wafer,10,10,0.9935107073329008,0.9828945980896564,0.8087280986372485,0.1847826086956522
cnn,head,105,AllGestureWiimoteX,10,10,0.5285714285714286,0.5110876477035775,0.1910714285714285,0.3375000000000001
cnn,head,105,AllGestureWiimoteY,10,10,0.54,0.5275115931795541,0.1935714285714285,0.3464285714285715
cnn,head,105,AllGestureWiimoteZ,10,10,0.4942857142857143,0.4519670173438875,0.21625,0.2780357142857143
cnn,head,105,Car,10,10,0.2666666666666666,0.1711583924349881,0.25,0.0166666666666666
cnn,head,105,ChlorineConcentration,10,9,0.3958333333333333,0.3824369632624871,0.2523763020833333,0.14345703125
cnn,head,105,CinCECGTorso,10,10,0.3413043478260869,0.244568094816406,0.2730978260869565,0.0682065217391304
cnn,head,105,DodgerLoopDay,10,10,0.425,0.3288563288563288,0.1671875,0.2578125
cnn,head,105,DodgerLoopGame,10,10,0.5579710144927537,0.4670465337132004,0.5253623188405797,0.0326086956521739
cnn,head,105,DodgerLoopWeekend,10,10,0.9057971014492754,0.8829210990015011,0.2608695652173913,0.644927536231884
cnn,head,105,Earthquakes,8,3,0.6618705035971223,0.6017677537336178,0.6528776978417267,0.0089928057553956
cnn,head,105,FordA,10,9,0.9522727272727272,0.9522391488506324,0.9327651515151516,0.0195075757575756
cnn,head,105,FordB,10,9,0.837037037037037,0.8367144977733796,0.7816358024691358,0.0554012345679012
cnn,head,105,FreezerRegularTrain,10,10,0.8045614035087719,0.8038552825258651,0.5253070175438597,0.2792543859649122
cnn,head,105,FreezerSmallTrain,10,10,0.7375438596491228,0.7332401004272563,0.5527631578947368,0.184780701754386
cnn,head,105,GesturePebbleZ1,10,10,0.5174418604651163,0.5057644208557138,0.1962209302325581,0.3212209302325582
cnn,head,105,GesturePebbleZ2,10,10,0.5379746835443038,0.5238475986183625,0.2041139240506329,0.3338607594936709
cnn,head,105,InsectWingbeatSound,10,10,0.4535353535353535,0.425882518692712,0.1378787878787878,0.3156565656565657
cnn,head,105,ItalyPowerDemand,10,10,0.9611273080660836,0.9611263902321084,0.7742954324586978,0.1868318756073858
cnn,head,105,Lightning2,10,10,0.639344262295082,0.6161327231121281,0.5389344262295082,0.1004098360655738
cnn,head,105,Lightning7,10,10,0.4931506849315068,0.4982251082251082,0.2482876712328767,0.2448630136986301
cnn,head,105,MoteStrain,10,10,0.8234824281150159,0.8230343420518249,0.4822284345047923,0.3412539936102236
cnn,head,105,Phoneme,9,4,0.0986286919831223,0.0624830623480796,0.0673786919831223,0.03125
cnn,head,105,PickupGestureWiimoteZ,10,10,0.2,0.1228095238095237,0.1325,0.0675
cnn,head,105,Plane,10,10,0.961904761904762,0.9627851140456184,0.2273809523809523,0.7345238095238096
cnn,head,105,ShakeGestureWiimoteZ,10,10,0.36,0.3188977688977689,0.185,0.175
cnn,head,105,SonyAIBORobotSurface1,10,10,0.8569051580698835,0.8568952532837176,0.8217554076539102,0.0351497504159733
cnn,head,105,SonyAIBORobotSurface2,10,10,0.8667366211962224,0.8651304389492676,0.5422350472193075,0.3245015739769149
cnn,head,105,StarLightCurves,10,10,0.9159786304031085,0.8941242509999218,0.4043224866440019,0.5116561437591065
cnn,head,105,Trace,10,10,1.0,1.0,0.2925,0.7075
cnn,head,105,Wafer,10,10,0.9873458792991564,0.9672172282059808,0.8087280986372485,0.1786177806619079
cnn,head,126,AllGestureWiimoteX,10,10,0.5,0.4777212048870799,0.1910714285714285,0.3089285714285715
cnn,head,126,AllGestureWiimoteY,10,10,0.5342857142857143,0.5243255129581601,0.1935714285714285,0.3407142857142857
cnn,head,126,AllGestureWiimoteZ,10,10,0.4871428571428571,0.4640626901135699,0.21625,0.2708928571428571
cnn,head,126,Car,10,10,0.55,0.4512112223458163,0.25,0.3
cnn,head,126,ChlorineConcentration,10,10,0.4192708333333333,0.4181357161845723,0.2523763020833333,0.16689453125
cnn,head,126,CinCECGTorso,10,10,0.2956521739130435,0.2054225236437667,0.2730978260869565,0.022554347826087
cnn,head,126,DodgerLoopDay,10,10,0.3375,0.2345105672969966,0.1671875,0.1703125
cnn,head,126,DodgerLoopGame,10,10,0.6521739130434783,0.6461538461538461,0.5253623188405797,0.1268115942028985
cnn,head,126,DodgerLoopWeekend,9,4,0.8985507246376812,0.8749028749028749,0.2608695652173913,0.6376811594202898
cnn,head,126,Earthquakes,10,10,0.5971223021582733,0.5587301587301587,0.6528776978417267,-0.0557553956834533
cnn,head,126,FordA,10,10,0.9454545454545454,0.9454263565891472,0.9327651515151516,0.0126893939393938
cnn,head,126,FordB,10,8,0.808641975308642,0.8083963745633407,0.7816358024691358,0.0270061728395062
cnn,head,126,FreezerRegularTrain,10,10,0.8003508771929825,0.8001814034704227,0.5253070175438597,0.2750438596491228
cnn,head,126,FreezerSmallTrain,10,10,0.6733333333333333,0.6542838972400953,0.5527631578947368,0.1205701754385965
cnn,head,126,GesturePebbleZ1,10,10,0.5581395348837209,0.5254406268557212,0.1962209302325581,0.3619186046511628
cnn,head,126,GesturePebbleZ2,10,10,0.6392405063291139,0.637953427750877,0.2041139240506329,0.435126582278481
cnn,head,126,InsectWingbeatSound,10,10,0.4272727272727272,0.405780582144064,0.1378787878787878,0.2893939393939394
cnn,head,126,ItalyPowerDemand,10,10,0.9591836734693876,0.9591836349212346,0.7742954324586978,0.1848882410106899
cnn,head,126,Lightning2,10,10,0.7049180327868853,0.6983516483516483,0.5389344262295082,0.1659836065573771
cnn,head,126,Lightning7,10,10,0.4931506849315068,0.4252484023912595,0.2482876712328767,0.2448630136986301
cnn,head,126,MoteStrain,10,10,0.6261980830670927,0.6062205137165823,0.4822284345047923,0.1439696485623003
cnn,head,126,Phoneme,8,3,0.155590717299578,0.0734827026891165,0.0673786919831223,0.0882120253164557
cnn,head,126,PickupGestureWiimoteZ,10,10,0.3,0.2441414141414141,0.1325,0.1674999999999999
cnn,head,126,Plane,10,10,0.9809523809523808,0.9815476190476192,0.2273809523809523,0.7535714285714286
cnn,head,126,ShakeGestureWiimoteZ,10,10,0.6,0.596565934065934,0.185,0.415
cnn,head,126,SonyAIBORobotSurface1,10,10,0.9001663893510815,0.8993839148195273,0.8217554076539102,0.0784109816971713
cnn,head,126,SonyAIBORobotSurface2,10,10,0.8488982161594963,0.8477433098122753,0.5422350472193075,0.3066631689401888
cnn,head,126,StarLightCurves,10,10,0.8971588149587179,0.8751415646517521,0.4043224866440019,0.4928363283147159
cnn,head,126,Trace,10,10,0.72,0.6439393939393939,0.2925,0.4275
cnn,head,126,Wafer,10,10,0.9928617780661908,0.981309859019046,0.8087280986372485,0.1841336794289423
cnn,head,147,AllGestureWiimoteX,10,10,0.4957142857142857,0.4633538946870494,0.1910714285714285,0.3046428571428572
cnn,head,147,AllGestureWiimoteY,10,10,0.53,0.5254923953036801,0.1935714285714285,0.3364285714285715
cnn,head,147,AllGestureWiimoteZ,10,10,0.4857142857142857,0.4481586336735265,0.21625,0.2694642857142857
cnn,head,147,Car,10,10,0.4666666666666667,0.3271978021978022,0.25,0.2166666666666666
cnn,head,147,ChlorineConcentration,10,10,0.4513020833333333,0.4174875402470059,0.2523763020833333,0.19892578125
cnn,head,147,CinCECGTorso,10,10,0.3057971014492753,0.2304322558087297,0.2730978260869565,0.0326992753623188
cnn,head,147,DodgerLoopDay,10,10,0.3625,0.2942047200111716,0.1671875,0.1953125
cnn,head,147,DodgerLoopGame,10,10,0.6304347826086957,0.5544159544159544,0.5253623188405797,0.1050724637681159
cnn,head,147,DodgerLoopWeekend,10,10,0.6739130434782609,0.6661828737300435,0.2608695652173913,0.4130434782608695
cnn,head,147,Earthquakes,8,3,0.60431654676259,0.5723555406388097,0.6528776978417267,-0.0485611510791367
cnn,head,147,FordA,10,10,0.9446969696969696,0.944626767981216,0.9327651515151516,0.011931818181818
cnn,head,147,FordB,10,9,0.8135802469135802,0.8135458604619965,0.7816358024691358,0.0319444444444444
cnn,head,147,FreezerRegularTrain,10,10,0.7887719298245615,0.7886294287167317,0.5253070175438597,0.2634649122807018
cnn,head,147,FreezerSmallTrain,10,10,0.4940350877192982,0.3651839618007477,0.5527631578947368,-0.0587280701754385
cnn,head,147,GesturePebbleZ1,10,10,0.5290697674418605,0.4971751343801757,0.1962209302325581,0.3328488372093024
cnn,head,147,GesturePebbleZ2,10,10,0.5316455696202531,0.5282023129849216,0.2041139240506329,0.3275316455696202
cnn,head,147,InsectWingbeatSound,10,10,0.4,0.3691703474321943,0.1378787878787878,0.2621212121212122
cnn,head,147,ItalyPowerDemand,6,1,0.9484936831875608,0.948470128699484,0.7742954324586978,0.1741982507288629
cnn,head,147,Lightning2,10,10,0.6721311475409836,0.6713362068965517,0.5389344262295082,0.1331967213114754
cnn,head,147,Lightning7,10,10,0.5753424657534246,0.5535572802975179,0.2482876712328767,0.3270547945205479
cnn,head,147,MoteStrain,10,10,0.805111821086262,0.8036507610037021,0.4822284345047923,0.3228833865814697
cnn,head,147,Phoneme,10,9,0.0727848101265822,0.0551927437825215,0.0673786919831223,0.0054061181434599
cnn,head,147,PickupGestureWiimoteZ,10,10,0.28,0.2129509379509379,0.1325,0.1475
cnn,head,147,Plane,10,10,0.9714285714285714,0.9722346618898344,0.2273809523809523,0.7440476190476191
cnn,head,147,ShakeGestureWiimoteZ,10,10,0.38,0.3336274836274836,0.185,0.195
cnn,head,147,SonyAIBORobotSurface1,6,1,0.8668885191347754,0.8667258010865949,0.8217554076539102,0.0451331114808651
cnn,head,147,SonyAIBORobotSurface2,10,10,0.8961175236096537,0.8938261935226854,0.5422350472193075,0.3538824763903462
cnn,head,147,StarLightCurves,10,10,0.8536911121903836,0.8318350151014062,0.4043224866440019,0.4493686255463817
cnn,head,147,Trace,10,10,0.75,0.7081470442126179,0.2925,0.4575
cnn,head,147,Wafer,10,9,0.9935107073329008,0.982986231102406,0.8087280986372485,0.1847826086956522
cnn,full,7,AllGestureWiimoteX,10,10,0.4557142857142857,0.4417014346177047,0.1910714285714285,0.2646428571428572
cnn,full,7,AllGestureWiimoteY,10,10,0.5328571428571428,0.5341501079557768,0.1935714285714285,0.3392857142857143
cnn,full,7,AllGestureWiimoteZ,10,10,0.4542857142857143,0.4392264153640274,0.21625,0.2380357142857143
cnn,full,7,Car,6,1,0.2333333333333333,0.1029411764705882,0.25,-0.0166666666666666
cnn,full,7,ChlorineConcentration,10,10,0.5760416666666667,0.5399037002505122,0.2523763020833333,0.3236653645833334
cnn,full,7,CinCECGTorso,10,5,0.3289855072463768,0.2175754550319862,0.2730978260869565,0.0558876811594203
cnn,full,7,DodgerLoopDay,10,10,0.4625,0.3904247180945237,0.1671875,0.2953125
cnn,full,7,DodgerLoopGame,10,10,0.6956521739130435,0.6645833333333333,0.5253623188405797,0.1702898550724637
cnn,full,7,DodgerLoopWeekend,9,4,0.3695652173913043,0.3546202225447508,0.2608695652173913,0.108695652173913
cnn,full,7,Earthquakes,7,2,0.6618705035971223,0.5778897719196227,0.6528776978417267,0.0089928057553956
cnn,full,7,FordA,10,10,0.9416666666666668,0.9415987933634992,0.9327651515151516,0.008901515151515
cnn,full,7,FordB,10,8,0.817283950617284,0.816880926776811,0.7816358024691358,0.0356481481481482
cnn,full,7,FreezerRegularTrain,10,10,0.843859649122807,0.8436710150345772,0.5253070175438597,0.3185526315789473
cnn,full,7,FreezerSmallTrain,10,10,0.7098245614035088,0.7095284216509314,0.5527631578947368,0.1570614035087719
cnn,full,7,GesturePebbleZ1,10,10,0.4709302325581395,0.4751248301616066,0.1962209302325581,0.2747093023255814
cnn,full,7,GesturePebbleZ2,10,10,0.4556962025316455,0.4470580555075883,0.2041139240506329,0.2515822784810126
cnn,full,7,InsectWingbeatSound,10,10,0.4257575757575758,0.4107469101311768,0.1378787878787878,0.2878787878787879
cnn,full,7,ItalyPowerDemand,8,3,0.957240038872692,0.9572060491493384,0.7742954324586978,0.1829446064139941
cnn,full,7,Lightning2,10,10,0.6557377049180327,0.6557377049180327,0.5389344262295082,0.1168032786885245
cnn,full,7,Lightning7,10,10,0.589041095890411,0.5874402739391298,0.2482876712328767,0.3407534246575343
cnn,full,7,MoteStrain,10,10,0.8746006389776357,0.8715482060179512,0.4822284345047923,0.3923722044728434
cnn,full,7,Phoneme,10,6,0.0870253164556962,0.0685426448747564,0.0673786919831223,0.0196466244725739
cnn,full,7,PickupGestureWiimoteZ,10,10,0.2,0.1612885154061624,0.1325,0.0675
cnn,full,7,Plane,10,10,1.0,1.0,0.2273809523809523,0.7726190476190478
cnn,full,7,ShakeGestureWiimoteZ,10,10,0.32,0.3402467707730865,0.185,0.135
cnn,full,7,SonyAIBORobotSurface1,10,8,0.966722129783694,0.9657939669891862,0.8217554076539102,0.1449667221297836
cnn,full,7,SonyAIBORobotSurface2,10,10,0.8153200419727177,0.8148697571743929,0.5422350472193075,0.2730849947534102
cnn,full,7,StarLightCurves,9,4,0.9193783389995144,0.8859462537238233,0.4043224866440019,0.5150558523555124
cnn,full,7,Trace,10,10,0.8,0.774904214559387,0.2925,0.5075000000000001
cnn,full,7,Wafer,10,9,0.9926995457495134,0.9806651648908448,0.8087280986372485,0.1839714471122648
cnn,full,21,AllGestureWiimoteX,10,10,0.5485714285714286,0.5345987110021191,0.1910714285714285,0.3575000000000001
cnn,full,21,AllGestureWiimoteY,10,10,0.5771428571428572,0.5722605433899707,0.1935714285714285,0.3835714285714287
cnn,full,21,AllGestureWiimoteZ,10,10,0.5142857142857142,0.4900521586011382,0.21625,0.2980357142857142
cnn,full,21,Car,6,1,0.2166666666666666,0.0890410958904109,0.25,-0.0333333333333333
cnn,full,21,ChlorineConcentration,10,9,0.4364583333333333,0.4337843177971396,0.2523763020833333,0.18408203125
cnn,full,21,CinCECGTorso,10,10,0.3021739130434782,0.2069731546173962,0.2730978260869565,0.0290760869565217
cnn,full,21,DodgerLoopDay,10,10,0.3625,0.282311320406624,0.1671875,0.1953125
cnn,full,21,DodgerLoopGame,10,10,0.6811594202898551,0.6329787234042553,0.5253623188405797,0.1557971014492754
cnn,full,21,DodgerLoopWeekend,10,10,0.8768115942028986,0.8573253056011676,0.2608695652173913,0.6159420289855073
cnn,full,21,Earthquakes,7,2,0.5107913669064749,0.5087318087318088,0.6528776978417267,-0.1420863309352518
cnn,full,21,FordA,10,7,0.9553030303030304,0.9552639787142012,0.9327651515151516,0.0225378787878787
cnn,full,21,FordB,10,6,0.837037037037037,0.8369734266075469,0.7816358024691358,0.0554012345679012
cnn,full,21,FreezerRegularTrain,10,10,0.8442105263157895,0.844150354633688,0.5253070175438597,0.3189035087719298
cnn,full,21,FreezerSmallTrain,10,10,0.7557894736842106,0.755384235182347,0.5527631578947368,0.2030263157894737
cnn,full,21,GesturePebbleZ1,10,10,0.4302325581395348,0.4133673671987967,0.1962209302325581,0.2340116279069767
cnn,full,21,GesturePebbleZ2,10,10,0.4873417721518987,0.4583655364655388,0.2041139240506329,0.2832278481012658
cnn,full,21,InsectWingbeatSound,10,10,0.4409090909090909,0.4108237402615993,0.1378787878787878,0.3030303030303031
cnn,full,21,ItalyPowerDemand,10,10,0.923226433430515,0.9231102463865856,0.7742954324586978,0.1489310009718172
cnn,full,21,Lightning2,10,10,0.6885245901639344,0.6885245901639344,0.5389344262295082,0.1495901639344262
cnn,full,21,Lightning7,10,10,0.5068493150684932,0.5148224903996687,0.2482876712328767,0.2585616438356165
cnn,full,21,MoteStrain,10,10,0.829073482428115,0.8290577786851776,0.4822284345047923,0.3468450479233226
cnn,full,21,Phoneme,10,5,0.1302742616033755,0.0702569661406916,0.0673786919831223,0.0628955696202532
cnn,full,21,PickupGestureWiimoteZ,10,10,0.26,0.2108791208791209,0.1325,0.1275
cnn,full,21,Plane,10,10,0.9809523809523808,0.9815476190476192,0.2273809523809523,0.7535714285714286
cnn,full,21,ShakeGestureWiimoteZ,10,10,0.64,0.6042063492063493,0.185,0.455
cnn,full,21,SonyAIBORobotSurface1,10,7,0.9234608985024958,0.9225550177042714,0.8217554076539102,0.1017054908485856
cnn,full,21,SonyAIBORobotSurface2,10,10,0.9118572927597062,0.9097684358599796,0.5422350472193075,0.3696222455403987
cnn,full,21,StarLightCurves,10,9,0.9615104419621175,0.9461314088630982,0.4043224866440019,0.5571879553181156
cnn,full,21,Trace,10,10,0.72,0.6439393939393939,0.2925,0.4275
cnn,full,21,Wafer,8,3,0.994970798182998,0.9868231444127076,0.8087280986372485,0.1862426995457495
cnn,full,42,AllGestureWiimoteX,10,10,0.5471428571428572,0.53343245603393,0.1910714285714285,0.3560714285714286
cnn,full,42,AllGestureWiimoteY,10,10,0.5714285714285714,0.5689618751829897,0.1935714285714285,0.3778571428571429
cnn,full,42,AllGestureWiimoteZ,10,10,0.5657142857142857,0.5408593316129895,0.21625,0.3494642857142857
cnn,full,42,Car,10,10,0.3833333333333333,0.2740509997102289,0.25,0.1333333333333333
cnn,full,42,ChlorineConcentration,10,9,0.4479166666666667,0.4397312276382012,0.2523763020833333,0.1955403645833334
cnn,full,42,CinCECGTorso,10,10,0.2608695652173913,0.2197786399417237,0.2730978260869565,-0.0122282608695651
cnn,full,42,DodgerLoopDay,10,10,0.425,0.3637775268210051,0.1671875,0.2578125
cnn,full,42,DodgerLoopGame,10,10,0.5942028985507246,0.5815464587394412,0.5253623188405797,0.0688405797101449
cnn,full,42,DodgerLoopWeekend,10,10,0.9202898550724636,0.9024609651095548,0.2608695652173913,0.6594202898550725
cnn,full,42,Earthquakes,7,2,0.6618705035971223,0.6202848009299622,0.6528776978417267,0.0089928057553956
cnn,full,42,FordA,10,5,0.9568181818181818,0.9567804540120248,0.9327651515151516,0.0240530303030301
cnn,full,42,FordB,9,4,0.8358024691358025,0.8355616136422958,0.7816358024691358,0.0541666666666666
cnn,full,42,FreezerRegularTrain,10,10,0.856140350877193,0.8549885430400457,0.5253070175438597,0.3308333333333333
cnn,full,42,FreezerSmallTrain,10,10,0.7684210526315789,0.7653508684388062,0.5527631578947368,0.215657894736842
cnn,full,42,GesturePebbleZ1,10,10,0.5290697674418605,0.5095832658787977,0.1962209302325581,0.3328488372093024
cnn,full,42,GesturePebbleZ2,10,10,0.4810126582278481,0.4741039112589247,0.2041139240506329,0.2768987341772152
cnn,full,42,InsectWingbeatSound,10,10,0.4631313131313131,0.4335044390704252,0.1378787878787878,0.3252525252525253
cnn,full,42,ItalyPowerDemand,10,10,0.9436345966958212,0.9436345434626572,0.7742954324586978,0.1693391642371233
cnn,full,42,Lightning2,10,10,0.6885245901639344,0.6854816824966079,0.5389344262295082,0.1495901639344262
cnn,full,42,Lightning7,6,1,0.3972602739726027,0.3816299642386598,0.2482876712328767,0.148972602739726
cnn,full,42,MoteStrain,10,10,0.8075079872204473,0.8068147404504447,0.4822284345047923,0.3252795527156549
cnn,full,42,Phoneme,10,10,0.1265822784810126,0.0816516148507817,0.0673786919831223,0.0592035864978903
cnn,full,42,PickupGestureWiimoteZ,10,10,0.24,0.1767557932263814,0.1325,0.1074999999999999
cnn,full,42,Plane,10,10,0.9714285714285714,0.9722346618898344,0.2273809523809523,0.7440476190476191
cnn,full,42,ShakeGestureWiimoteZ,10,10,0.58,0.587012432012432,0.185,0.3949999999999999
cnn,full,42,SonyAIBORobotSurface1,10,10,0.8935108153078203,0.8896083023373283,0.8217554076539102,0.07175540765391
cnn,full,42,SonyAIBORobotSurface2,10,10,0.8688352570828961,0.8673152856132456,0.5422350472193075,0.3266002098635886
cnn,full,42,StarLightCurves,10,10,0.932491500728509,0.9124484819897576,0.4043224866440019,0.528169014084507
cnn,full,42,Trace,10,10,0.72,0.6439393939393939,0.2925,0.4275
cnn,full,42,Wafer,10,10,0.9967553536664504,0.9915158121916844,0.8087280986372485,0.1880272550292019
cnn,full,63,AllGestureWiimoteX,10,10,0.5414285714285715,0.5186282775750763,0.1910714285714285,0.350357142857143
cnn,full,63,AllGestureWiimoteY,10,10,0.5514285714285714,0.5464475195399285,0.1935714285714285,0.3578571428571429
cnn,full,63,AllGestureWiimoteZ,10,10,0.4942857142857143,0.4739638811876407,0.21625,0.2780357142857143
cnn,full,63,Car,10,10,0.1833333333333333,0.0797101449275362,0.25,-0.0666666666666666
cnn,full,63,ChlorineConcentration,10,9,0.4455729166666666,0.437677794440322,0.2523763020833333,0.1931966145833333
cnn,full,63,CinCECGTorso,6,1,0.2217391304347826,0.1858164196676552,0.2730978260869565,-0.0513586956521738
cnn,full,63,DodgerLoopDay,10,10,0.4375,0.3837230544391669,0.1671875,0.2703125
cnn,full,63,DodgerLoopGame,10,10,0.5579710144927537,0.4216420474063895,0.5253623188405797,0.0326086956521739
cnn,full,63,DodgerLoopWeekend,10,10,0.8623188405797102,0.8442530442530443,0.2608695652173913,0.6014492753623188
cnn,full,63,Earthquakes,8,3,0.5755395683453237,0.5575875276474078,0.6528776978417267,-0.0773381294964029
cnn,full,63,FordA,10,5,0.953030303030303,0.953006029285099,0.9327651515151516,0.0202651515151514
cnn,full,63,FordB,7,2,0.837037037037037,0.836937623913375,0.7816358024691358,0.0554012345679012
cnn,full,63,FreezerRegularTrain,10,10,0.7922807017543859,0.7922781443908204,0.5253070175438597,0.2669736842105262
cnn,full,63,FreezerSmallTrain,10,10,0.7687719298245614,0.7685562575947966,0.5527631578947368,0.2160087719298246
cnn,full,63,GesturePebbleZ1,10,10,0.5813953488372093,0.5677142643601263,0.1962209302325581,0.3851744186046512
cnn,full,63,GesturePebbleZ2,10,10,0.5506329113924051,0.5378548598345135,0.2041139240506329,0.3465189873417722
cnn,full,63,InsectWingbeatSound,10,10,0.4742424242424242,0.470257385533403,0.1378787878787878,0.3363636363636364
cnn,full,63,ItalyPowerDemand,10,10,0.956268221574344,0.956264091028873,0.7742954324586978,0.1819727891156461
cnn,full,63,Lightning2,10,10,0.7049180327868853,0.6983516483516483,0.5389344262295082,0.1659836065573771
cnn,full,63,Lightning7,10,10,0.5616438356164384,0.580195974336498,0.2482876712328767,0.3133561643835617
cnn,full,63,MoteStrain,10,10,0.8730031948881789,0.8723869904835778,0.4822284345047923,0.3907747603833866
cnn,full,63,Phoneme,10,6,0.0965189873417721,0.081171207854847,0.0673786919831223,0.0291402953586498
cnn,full,63,PickupGestureWiimoteZ,10,10,0.36,0.3357034632034632,0.1325,0.2274999999999999
cnn,full,63,Plane,10,10,0.9714285714285714,0.9722346618898344,0.2273809523809523,0.7440476190476191
cnn,full,63,ShakeGestureWiimoteZ,10,10,0.48,0.4416810966810966,0.185,0.295
cnn,full,63,SonyAIBORobotSurface1,6,1,0.9417637271214644,0.9412536829905184,0.8217554076539102,0.120008319467554
cnn,full,63,SonyAIBORobotSurface2,10,10,0.9003147953830011,0.8982424669528264,0.5422350472193075,0.3580797481636936
cnn,full,63,StarLightCurves,10,10,0.9639388052452648,0.94908637967163,0.4043224866440019,0.5596163186012628
cnn,full,63,Trace,10,10,0.89,0.882766439909297,0.2925,0.5975
cnn,full,63,Wafer,10,8,0.9957819597663856,0.988896448420974,0.8087280986372485,0.187053861129137
cnn,full,84,AllGestureWiimoteX,10,10,0.5328571428571428,0.5219217487526128,0.1910714285714285,0.3417857142857143
cnn,full,84,AllGestureWiimoteY,10,10,0.5757142857142857,0.5693801189284831,0.1935714285714285,0.3821428571428572
cnn,full,84,AllGestureWiimoteZ,10,10,0.51,0.4745949220567783,0.21625,0.29375
cnn,full,84,Car,10,10,0.2666666666666666,0.1658249158249158,0.25,0.0166666666666666
cnn,full,84,ChlorineConcentration,10,10,0.4513020833333333,0.4423557334229284,0.2523763020833333,0.19892578125
cnn,full,84,CinCECGTorso,10,5,0.2804347826086956,0.2006501717764271,0.2730978260869565,0.0073369565217391
cnn,full,84,DodgerLoopDay,10,10,0.4375,0.3985142444074404,0.1671875,0.2703125
cnn,full,84,DodgerLoopGame,10,10,0.5507246376811594,0.4066574202496533,0.5253623188405797,0.0253623188405797
cnn,full,84,DodgerLoopWeekend,10,10,0.8840579710144928,0.8496732026143791,0.2608695652173913,0.6231884057971016
cnn,full,84,Earthquakes,6,1,0.5323741007194245,0.5180048012803414,0.6528776978417267,-0.1205035971223021
cnn,full,84,FordA,10,6,0.956060606060606,0.9560278995396024,0.9327651515151516,0.0232954545454544
cnn,full,84,FordB,7,2,0.8320987654320988,0.8317284192003129,0.7816358024691358,0.050462962962963
cnn,full,84,FreezerRegularTrain,10,10,0.8164912280701755,0.8116046385793204,0.5253070175438597,0.2911842105263158
cnn,full,84,FreezerSmallTrain,10,10,0.5,0.3333333333333333,0.5527631578947368,-0.0527631578947368
cnn,full,84,GesturePebbleZ1,10,10,0.563953488372093,0.5702630506454671,0.1962209302325581,0.3677325581395349
cnn,full,84,GesturePebbleZ2,10,10,0.5063291139240507,0.483801421653084,0.2041139240506329,0.3022151898734178
cnn,full,84,InsectWingbeatSound,10,10,0.5085858585858586,0.4985263746603348,0.1378787878787878,0.3707070707070707
cnn,full,84,ItalyPowerDemand,10,10,0.9407191448007776,0.9407009996060526,0.7742954324586978,0.1664237123420796
cnn,full,84,Lightning2,10,10,0.6721311475409836,0.6720430107526881,0.5389344262295082,0.1331967213114754
cnn,full,84,Lightning7,10,9,0.4657534246575342,0.4844723007679486,0.2482876712328767,0.2174657534246575
cnn,full,84,MoteStrain,10,9,0.8586261980830671,0.8585698066028071,0.4822284345047923,0.3763977635782747
cnn,full,84,Phoneme,10,10,0.1149789029535865,0.0875103692429541,0.0673786919831223,0.0476002109704642
cnn,full,84,PickupGestureWiimoteZ,10,10,0.26,0.1804662004662004,0.1325,0.1275
cnn,full,84,Plane,10,10,0.9809523809523808,0.9815476190476192,0.2273809523809523,0.7535714285714286
cnn,full,84,ShakeGestureWiimoteZ,10,10,0.6,0.5618437118437118,0.185,0.415
cnn,full,84,SonyAIBORobotSurface1,10,10,0.9717138103161398,0.9713248068346708,0.8217554076539102,0.1499584026622296
cnn,full,84,SonyAIBORobotSurface2,10,10,0.8940188877229801,0.8921937249183218,0.5422350472193075,0.3517838405036726
cnn,full,84,StarLightCurves,10,10,0.9378338999514328,0.9181482607903438,0.4043224866440019,0.5335114133074308
cnn,full,84,Trace,10,10,0.99,0.9890442890442892,0.2925,0.6975
cnn,full,84,Wafer,10,6,0.996268656716418,0.99021053238499,0.8087280986372485,0.1875405580791694
cnn,full,105,AllGestureWiimoteX,10,10,0.5785714285714286,0.5659673310465496,0.1910714285714285,0.3875000000000001
cnn,full,105,AllGestureWiimoteY,10,10,0.5657142857142857,0.5614788165380574,0.1935714285714285,0.3721428571428572
cnn,full,105,AllGestureWiimoteZ,10,10,0.5214285714285715,0.4901820296448247,0.21625,0.3051785714285714
cnn,full,105,Car,10,10,0.2666666666666666,0.1881954523463957,0.25,0.0166666666666666
cnn,full,105,ChlorineConcentration,10,9,0.4515625,0.4354152076301187,0.2523763020833333,0.1991861979166667
cnn,full,105,CinCECGTorso,10,10,0.3391304347826087,0.2359733222239584,0.2730978260869565,0.0660326086956522
cnn,full,105,DodgerLoopDay,10,10,0.4625,0.3626828122553369,0.1671875,0.2953125
cnn,full,105,DodgerLoopGame,10,8,0.6231884057971014,0.5956727518593644,0.5253623188405797,0.0978260869565217
cnn,full,105,DodgerLoopWeekend,10,10,0.8985507246376812,0.8749028749028749,0.2608695652173913,0.6376811594202898
cnn,full,105,Earthquakes,7,2,0.7482014388489209,0.5664379288833437,0.6528776978417267,0.0953237410071942
cnn,full,105,FordA,10,9,0.9553030303030304,0.9552678843742588,0.9327651515151516,0.0225378787878787
cnn,full,105,FordB,10,5,0.8320987654320988,0.8316461267605634,0.7816358024691358,0.050462962962963
cnn,full,105,FreezerRegularTrain,10,10,0.8431578947368421,0.842739520874926,0.5253070175438597,0.3178508771929824
cnn,full,105,FreezerSmallTrain,10,10,0.7368421052631579,0.7324293388131804,0.5527631578947368,0.184078947368421
cnn,full,105,GesturePebbleZ1,10,10,0.5348837209302325,0.5217751817231046,0.1962209302325581,0.3386627906976744
cnn,full,105,GesturePebbleZ2,10,10,0.5379746835443038,0.5211913274132164,0.2041139240506329,0.3338607594936709
cnn,full,105,InsectWingbeatSound,10,10,0.5191919191919192,0.5015351806389314,0.1378787878787878,0.3813131313131314
cnn,full,105,ItalyPowerDemand,10,10,0.9620991253644317,0.9620968343664436,0.7742954324586978,0.1878036929057337
cnn,full,105,Lightning2,10,10,0.639344262295082,0.6221846846846847,0.5389344262295082,0.1004098360655738
cnn,full,105,Lightning7,10,10,0.589041095890411,0.588682538993098,0.2482876712328767,0.3407534246575343
cnn,full,105,MoteStrain,10,9,0.8250798722044729,0.8245469664557767,0.4822284345047923,0.3428514376996806
cnn,full,105,Phoneme,10,9,0.1260548523206751,0.0743740057796133,0.0673786919831223,0.0586761603375527
cnn,full,105,PickupGestureWiimoteZ,10,10,0.26,0.1672210830105567,0.1325,0.1275
cnn,full,105,Plane,10,10,0.961904761904762,0.9627851140456184,0.2273809523809523,0.7345238095238096
cnn,full,105,ShakeGestureWiimoteZ,10,10,0.46,0.4335026085026084,0.185,0.275
cnn,full,105,SonyAIBORobotSurface1,10,10,0.8735440931780366,0.8734428337101565,0.8217554076539102,0.0517886855241264
cnn,full,105,SonyAIBORobotSurface2,10,10,0.8950682056663168,0.8929838745901271,0.5422350472193075,0.3528331584470093
cnn,full,105,StarLightCurves,10,6,0.9509470616804274,0.9330713900331024,0.4043224866440019,0.5466245750364256
cnn,full,105,Trace,10,10,0.91,0.9042553191489362,0.2925,0.6175
cnn,full,105,Wafer,10,9,0.9964308890330954,0.9907168674698796,0.8087280986372485,0.1877027903958469
cnn,full,126,AllGestureWiimoteX,10,10,0.5371428571428571,0.5178087146602925,0.1910714285714285,0.3460714285714286
cnn,full,126,AllGestureWiimoteY,10,10,0.5528571428571428,0.5489094907324514,0.1935714285714285,0.3592857142857143
cnn,full,126,AllGestureWiimoteZ,10,10,0.5271428571428571,0.5065363823361846,0.21625,0.3108928571428571
cnn,full,126,Car,10,10,0.5,0.3428571428571428,0.25,0.25
cnn,full,126,ChlorineConcentration,10,10,0.4375,0.4468352420946369,0.2523763020833333,0.1851236979166667
cnn,full,126,CinCECGTorso,10,10,0.2804347826086956,0.2009371350759959,0.2730978260869565,0.0073369565217391
cnn,full,126,DodgerLoopDay,10,10,0.375,0.2620660385366267,0.1671875,0.2078125
cnn,full,126,DodgerLoopGame,10,10,0.644927536231884,0.6067461471357953,0.5253623188405797,0.1195652173913043
cnn,full,126,DodgerLoopWeekend,10,10,0.8985507246376812,0.8728947368421053,0.2608695652173913,0.6376811594202898
cnn,full,126,Earthquakes,9,4,0.5611510791366906,0.542590494686303,0.6528776978417267,-0.091726618705036
cnn,full,126,FordA,9,4,0.9522727272727272,0.9522463893366347,0.9327651515151516,0.0195075757575756
cnn,full,126,FordB,10,5,0.8234567901234567,0.8228603849877121,0.7816358024691358,0.0418209876543209
cnn,full,126,FreezerRegularTrain,10,10,0.8596491228070176,0.8596059113300492,0.5253070175438597,0.3343421052631579
cnn,full,126,FreezerSmallTrain,10,10,0.6589473684210526,0.6359715126880393,0.5527631578947368,0.1061842105263157
cnn,full,126,GesturePebbleZ1,10,10,0.6162790697674418,0.5910252970161359,0.1962209302325581,0.4200581395348837
cnn,full,126,GesturePebbleZ2,10,10,0.5822784810126582,0.5668216499514199,0.2041139240506329,0.3781645569620253
cnn,full,126,InsectWingbeatSound,10,10,0.4671717171717172,0.4530066916858684,0.1378787878787878,0.3292929292929294
cnn,full,126,ItalyPowerDemand,10,7,0.9504373177842566,0.9504281416338812,0.7742954324586978,0.1761418853255587
cnn,full,126,Lightning2,10,10,0.7049180327868853,0.6983516483516483,0.5389344262295082,0.1659836065573771
cnn,full,126,Lightning7,10,10,0.5205479452054794,0.4822714231581226,0.2482876712328767,0.2722602739726027
cnn,full,126,MoteStrain,10,10,0.7811501597444089,0.7799620279146141,0.4822284345047923,0.2989217252396166
cnn,full,126,Phoneme,8,3,0.1513713080168776,0.0778486885284369,0.0673786919831223,0.0839926160337553
cnn,full,126,PickupGestureWiimoteZ,10,10,0.28,0.2388735177865612,0.1325,0.1475
cnn,full,126,Plane,10,10,0.9809523809523808,0.9815476190476192,0.2273809523809523,0.7535714285714286
cnn,full,126,ShakeGestureWiimoteZ,10,10,0.58,0.5839646464646465,0.185,0.3949999999999999
cnn,full,126,SonyAIBORobotSurface1,10,10,0.9068219633943428,0.9059762202753442,0.8217554076539102,0.0850665557404325
cnn,full,126,SonyAIBORobotSurface2,10,8,0.8688352570828961,0.8672543690445547,0.5422350472193075,0.3266002098635886
cnn,full,126,StarLightCurves,10,5,0.9227780475959204,0.9018433450856164,0.4043224866440019,0.5184555609519184
cnn,full,126,Trace,10,10,0.74,0.6817708333333333,0.2925,0.4475
cnn,full,126,Wafer,10,10,0.9972420506164827,0.992821917196402,0.8087280986372485,0.1885139519792343
cnn,full,147,AllGestureWiimoteX,10,10,0.52,0.5043358576095283,0.1910714285714285,0.3289285714285715
cnn,full,147,AllGestureWiimoteY,10,10,0.5428571428571428,0.5460756484440968,0.1935714285714285,0.3492857142857143
cnn,full,147,AllGestureWiimoteZ,10,10,0.5342857142857143,0.4997196070413151,0.21625,0.3180357142857142
cnn,full,147,Car,10,10,0.4333333333333333,0.2798611111111111,0.25,0.1833333333333333
cnn,full,147,ChlorineConcentration,10,10,0.47109375,0.4347055352055353,0.2523763020833333,0.2187174479166667
cnn,full,147,CinCECGTorso,10,10,0.3123188405797101,0.2379826936553674,0.2730978260869565,0.0392210144927536
cnn,full,147,DodgerLoopDay,10,10,0.425,0.3563111765082208,0.1671875,0.2578125
cnn,full,147,DodgerLoopGame,10,10,0.6304347826086957,0.5544159544159544,0.5253623188405797,0.1050724637681159
cnn,full,147,DodgerLoopWeekend,10,10,0.7753623188405797,0.7579632248939179,0.2608695652173913,0.5144927536231885
cnn,full,147,Earthquakes,8,3,0.60431654676259,0.575866851595007,0.6528776978417267,-0.0485611510791367
cnn,full,147,FordA,10,8,0.9575757575757576,0.957544178865823,0.9327651515151516,0.0248106060606059
cnn,full,147,FordB,10,7,0.8333333333333334,0.8328173374613003,0.7816358024691358,0.0516975308641975
cnn,full,147,FreezerRegularTrain,10,10,0.8214035087719298,0.8210702334949269,0.5253070175438597,0.2960964912280701
cnn,full,147,FreezerSmallTrain,10,9,0.6249122807017544,0.5872407375569675,0.5527631578947368,0.0721491228070175
cnn,full,147,GesturePebbleZ1,10,10,0.6046511627906976,0.6023292947866034,0.1962209302325581,0.4084302325581395
cnn,full,147,GesturePebbleZ2,10,10,0.5886075949367089,0.5768965225094151,0.2041139240506329,0.384493670886076
cnn,full,147,InsectWingbeatSound,10,10,0.4606060606060606,0.4513525943176159,0.1378787878787878,0.3227272727272728
cnn,full,147,ItalyPowerDemand,10,10,0.9407191448007776,0.9407135456169168,0.7742954324586978,0.1664237123420796
cnn,full,147,Lightning2,10,10,0.6065573770491803,0.5978021978021978,0.5389344262295082,0.0676229508196721
cnn,full,147,Lightning7,10,10,0.6986301369863014,0.6895816123936641,0.2482876712328767,0.4503424657534247
cnn,full,147,MoteStrain,10,10,0.8162939297124601,0.8152965927750411,0.4822284345047923,0.3340654952076677
cnn,full,147,Phoneme,10,9,0.0891350210970464,0.0691249703820673,0.0673786919831223,0.0217563291139241
cnn,full,147,PickupGestureWiimoteZ,10,10,0.3,0.2474358974358974,0.1325,0.1674999999999999
cnn,full,147,Plane,10,10,0.9714285714285714,0.9722346618898344,0.2273809523809523,0.7440476190476191
cnn,full,147,ShakeGestureWiimoteZ,10,10,0.48,0.4696103896103896,0.185,0.295
cnn,full,147,SonyAIBORobotSurface1,6,1,0.8718801996672213,0.87170829209602,0.8217554076539102,0.0501247920133111
cnn,full,147,SonyAIBORobotSurface2,10,10,0.8971668415529905,0.8949316449316449,0.5422350472193075,0.354931794333683
cnn,full,147,StarLightCurves,10,10,0.9524040796503156,0.9350663722281892,0.4043224866440019,0.5480815930063139
cnn,full,147,Trace,10,10,0.73,0.663395225464191,0.2925,0.4375
cnn,full,147,Wafer,10,10,0.9967553536664504,0.9915044813722936,0.8087280986372485,0.1880272550292019
lstm,full,7,AllGestureWiimoteX,10,10,0.17142857142857143,0.11288400039992123,0.1396428571428571,0.031785714285714334
lstm,full,7,AllGestureWiimoteY,10,7,0.26285714285714284,0.15943173964417537,0.165,0.09785714285714284
lstm,full,7,AllGestureWiimoteZ,10,10,0.23857142857142857,0.1666922831829345,0.1523214285714285,0.08625000000000008
lstm,full,7,Car,10,10,0.31666666666666665,0.20714285714285713,0.2416666666666666,0.07500000000000004
lstm,full,7,ChlorineConcentration,10,5,0.3346354166666667,0.3218168861319873,0.3520833333333333,-0.01744791666666662
lstm,full,7,CinCECGTorso,10,10,0.3065217391304348,0.26548335088112096,0.2831521739130435,0.023369565217391308
lstm,full,7,DodgerLoopDay,10,10,0.35,0.29621682665160926,0.1671875,0.1828125
lstm,full,7,DodgerLoopGame,10,10,0.5217391304347826,0.4676174888940846,0.473731884057971,0.048007246376811585
lstm,full,7,DodgerLoopWeekend,10,10,0.6014492753623188,0.5830357633357139,0.6711956521739131,-0.06974637681159424
lstm,full,7,Earthquakes,10,5,0.6690647482014388,0.6175837320574162,0.6151079136690647,0.0539568345323741
lstm,full,7,FordA,10,10,0.8696969696969697,0.8693294964028777,0.715814393939394,0.1538825757575758
lstm,full,7,FordB,10,10,0.6950617283950618,0.6890092347485198,0.6385802469135803,0.056481481481481466
lstm,full,7,FreezerRegularTrain,10,10,0.7610526315789473,0.7609282760192282,0.6873684210526315,0.0736842105263158
lstm,full,7,FreezerSmallTrain,10,10,0.5992982456140351,0.5627474298464007,0.6017543859649123,-0.002456140350877156
lstm,full,7,GesturePebbleZ1,6,1,0.3081395348837209,0.2042254877878442,0.2347383720930232,0.07340116279069772
lstm,full,7,GesturePebbleZ2,10,10,0.2721518987341772,0.19119416758951643,0.2120253164556962,0.06012658227848103
lstm,full,7,InsectWingbeatSound,10,10,0.23333333333333334,0.16466838706941164,0.1147727272727272,0.11856060606060613
lstm,full,7,ItalyPowerDemand,10,10,0.5928085519922255,0.5607478730221475,0.5949951409135082,-0.0021865889212827616
lstm,full,7,Lightning2,10,10,0.5573770491803278,0.5554655870445344,0.5389344262295082,0.018442622950819665
lstm,full,7,Lightning7,10,10,0.3287671232876712,0.13225687168741526,0.1900684931506849,0.13869863013698633
lstm,full,7,MoteStrain,10,5,0.5087859424920128,0.5038401834163617,0.5943490415335463,-0.08556309904153347
lstm,full,7,Phoneme,6,1,0.011075949367088608,0.0061973436565852195,0.0372494725738396,-0.026173523206750992
lstm,full,7,PickupGestureWiimoteZ,10,10,0.14,0.09047619047619047,0.095,0.04500000000000001
lstm,full,7,Plane,10,10,0.6666666666666666,0.6258366960726308,0.2964285714285714,0.37023809523809526
lstm,full,7,ShakeGestureWiimoteZ,10,10,0.16,0.08412698412698412,0.12,0.04000000000000001
lstm,full,7,SonyAIBORobotSurface1,10,10,0.7287853577371048,0.7276967508623877,0.6295757071547421,0.09920965058236275
lstm,full,7,SonyAIBORobotSurface2,10,10,0.751311647429171,0.7480762259563101,0.6382476390346274,0.11306400839454356
lstm,full,7,StarLightCurves,10,10,0.7822972316658572,0.7292069042721838,0.7347771976687713,0.04752003399708593
lstm,full,7,Trace,10,10,0.76,0.7479264334655609,0.355,0.405
lstm,full,7,Wafer,10,10,0.9463011031797534,0.8447824217129511,0.8539097988319273,0.09239130434782605
lstm,full,21,AllGestureWiimoteX,10,10,0.29428571428571426,0.27394130216282536,0.1396428571428571,0.15464285714285717
lstm,full,21,AllGestureWiimoteY,10,10,0.26285714285714284,0.2193029733685481,0.165,0.09785714285714284
lstm,full,21,AllGestureWiimoteZ,10,10,0.31285714285714283,0.2493824886039962,0.1523214285714285,0.16053571428571434
lstm,full,21,Car,10,10,0.4166666666666667,0.3834249084249084,0.2416666666666666,0.17500000000000007
lstm,full,21,ChlorineConcentration,7,2,0.3177083333333333,0.3179541060230882,0.3520833333333333,-0.03437499999999999
lstm,full,21,CinCECGTorso,10,10,0.30217391304347824,0.29678497121473646,0.2831521739130435,0.019021739130434756
lstm,full,21,DodgerLoopDay,10,10,0.2875,0.23251535431986556,0.1671875,0.12031249999999999
lstm,full,21,DodgerLoopGame,10,10,0.6811594202898551,0.6743188157047844,0.473731884057971,0.2074275362318841
lstm,full,21,DodgerLoopWeekend,10,10,0.7608695652173914,0.7073828953286642,0.6711956521739131,0.08967391304347827
lstm,full,21,Earthquakes,10,5,0.5971223021582733,0.573058358929355,0.6151079136690647,-0.017985611510791366
lstm,full,21,FordA,7,2,0.9393939393939394,0.939358300562314,0.715814393939394,0.2235795454545455
lstm,full,21,FordB,10,8,0.8234567901234567,0.823338046148989,0.6385802469135803,0.18487654320987645
lstm,full,21,FreezerRegularTrain,10,6,0.8221052631578948,0.821954255816352,0.6873684210526315,0.13473684210526327
lstm,full,21,FreezerSmallTrain,10,10,0.7621052631578947,0.7619533353142837,0.6017543859649123,0.16035087719298247
lstm,full,21,GesturePebbleZ1,10,10,0.31976744186046513,0.273462242785917,0.2347383720930232,0.08502906976744193
lstm,full,21,GesturePebbleZ2,10,10,0.4240506329113924,0.4063522427941366,0.2120253164556962,0.2120253164556962
lstm,full,21,InsectWingbeatSound,10,10,0.20454545454545456,0.1553907804082609,0.1147727272727272,0.08977272727272735
lstm,full,21,ItalyPowerDemand,9,4,0.9378036929057337,0.9378031642413527,0.5949951409135082,0.3428085519922255
lstm,full,21,Lightning2,10,10,0.7377049180327869,0.7342047930283224,0.5389344262295082,0.19877049180327877
lstm,full,21,Lightning7,10,10,0.3287671232876712,0.2803863058187723,0.1900684931506849,0.13869863013698633
lstm,full,21,MoteStrain,9,4,0.8833865814696485,0.8821548300582804,0.5943490415335463,0.28903753993610226
lstm,full,21,Phoneme,6,1,0.03481012658227848,0.02020188075989348,0.0372494725738396,-0.0024393459915611204
lstm,full,21,PickupGestureWiimoteZ,10,10,0.12,0.07803030303030303,0.095,0.024999999999999994
lstm,full,21,Plane,10,10,0.8952380952380953,0.893445153657536,0.2964285714285714,0.5988095238095239
lstm,full,21,ShakeGestureWiimoteZ,10,10,0.2,0.1467750257997936,0.12,0.08000000000000002
lstm,full,21,SonyAIBORobotSurface1,10,10,0.7587354409317804,0.7581327834227494,0.6295757071547421,0.12915973377703827
lstm,full,21,SonyAIBORobotSurface2,10,10,0.5949632738719832,0.594887890401304,0.6382476390346274,-0.04328436516264422
lstm,full,21,StarLightCurves,10,10,0.8351141330743079,0.8054527742233747,0.7347771976687713,0.10033693540553668
lstm,full,21,Trace,10,10,0.73,0.6991465149359886,0.355,0.375
lstm,full,21,Wafer,10,10,0.9771252433484751,0.9390035643084065,0.8539097988319273,0.12321544451654776
lstm,full,42,AllGestureWiimoteX,10,10,0.16,0.09067597854479018,0.1396428571428571,0.020357142857142907
lstm,full,42,AllGestureWiimoteY,10,10,0.23714285714285716,0.14453454517790426,0.165,0.07214285714285715
lstm,full,42,AllGestureWiimoteZ,10,8,0.16285714285714287,0.07719215096551693,0.1523214285714285,0.01053571428571437
lstm,full,42,Car,10,10,0.23333333333333334,0.0945945945945946,0.2416666666666666,-0.008333333333333276
lstm,full,42,ChlorineConcentration,10,9,0.5325520833333334,0.23249204183719874,0.3520833333333333,0.18046875000000007
lstm,full,42,CinCECGTorso,6,1,0.29782608695652174,0.2554298293824997,0.2831521739130435,0.01467391304347826
lstm,full,42,DodgerLoopDay,10,10,0.2,0.09741609741609743,0.1671875,0.03281250000000002
lstm,full,42,DodgerLoopGame,10,10,0.4782608695652174,0.3235294117647059,0.473731884057971,0.004528985507246397
lstm,full,42,DodgerLoopWeekend,10,7,0.8188405797101449,0.7484506015311703,0.6711956521739131,0.14764492753623182
lstm,full,42,Earthquakes,10,10,0.7338129496402878,0.6500646390419813,0.6151079136690647,0.11870503597122306
lstm,full,42,FordA,6,1,0.5,0.4563575958924796,0.715814393939394,-0.21581439393939394
lstm,full,42,FordB,10,6,0.5370370370370371,0.5199078223018819,0.6385802469135803,-0.1015432098765432
lstm,full,42,FreezerRegularTrain,10,10,0.6182456140350877,0.571201228426615,0.6873684210526315,-0.06912280701754381
lstm,full,42,FreezerSmallTrain,10,10,0.6182456140350877,0.571201228426615,0.6017543859649123,0.016491228070175445
lstm,full,42,GesturePebbleZ1,10,10,0.18604651162790697,0.08669429831553217,0.2347383720930232,-0.04869186046511623
lstm,full,42,GesturePebbleZ2,10,10,0.16455696202531644,0.11237182591261648,0.2120253164556962,-0.04746835443037975
lstm,full,42,InsectWingbeatSound,10,10,0.15858585858585858,0.09113572272163001,0.1147727272727272,0.04381313131313137
lstm,full,42,ItalyPowerDemand,6,1,0.6336248785228377,0.6334254652662612,0.5949951409135082,0.03862973760932942
lstm,full,42,Lightning2,10,10,0.6557377049180327,0.654251012145749,0.5389344262295082,0.11680327868852458
lstm,full,42,Lightning7,10,10,0.1917808219178082,0.15000945760627984,0.1900684931506849,0.0017123287671233223
lstm,full,42,MoteStrain,10,10,0.7731629392971247,0.7673441078322318,0.5943490415335463,0.17881389776357837
lstm,full,42,Phoneme,6,1,0.03850210970464135,0.0061853453922970526,0.0372494725738396,0.0012526371308017523
lstm,full,42,PickupGestureWiimoteZ,10,10,0.1,0.05502645502645502,0.095,0.0050000000000000044
lstm,full,42,Plane,10,10,0.13333333333333333,0.036036036036036036,0.2964285714285714,-0.16309523809523804
lstm,full,42,ShakeGestureWiimoteZ,10,10,0.16,0.07546439628482973,0.12,0.04000000000000001
lstm,full,42,SonyAIBORobotSurface1,10,10,0.43594009983361065,0.3156162138012812,0.6295757071547421,-0.19363560732113144
lstm,full,42,SonyAIBORobotSurface2,10,10,0.6789087093389297,0.6751136363636363,0.6382476390346274,0.040661070304302216
lstm,full,42,StarLightCurves,10,7,0.7544924720738222,0.7296483468918175,0.7347771976687713,0.019715274405050942
lstm,full,42,Trace,10,10,0.52,0.34251082251082254,0.355,0.16500000000000004
lstm,full,42,Wafer,10,9,0.9282933160285529,0.8147189114713607,0.8539097988319273,0.07438351719662561
lstm,full,63,AllGestureWiimoteX,8,3,0.11142857142857143,0.03453954496208017,0.1396428571428571,-0.028214285714285664
lstm,full,63,AllGestureWiimoteY,10,10,0.16,0.06915764211589982,0.165,-0.0050000000000000044
lstm,full,63,AllGestureWiimoteZ,10,10,0.13428571428571429,0.05655992441853238,0.1523214285714285,-0.01803571428571421
lstm,full,63,Car,10,10,0.31666666666666665,0.12025316455696203,0.2416666666666666,0.07500000000000004
lstm,full,63,ChlorineConcentration,7,2,0.23125,0.18442440652849967,0.3520833333333333,-0.12083333333333329
lstm,full,63,CinCECGTorso,6,1,0.3492753623188406,0.24138893992730776,0.2831521739130435,0.06612318840579712
lstm,full,63,DodgerLoopDay,10,9,0.25,0.13172278831230178,0.1671875,0.08281250000000001
lstm,full,63,DodgerLoopGame,6,1,0.5579710144927537,0.519602807738401,0.473731884057971,0.08423913043478265
lstm,full,63,DodgerLoopWeekend,10,10,0.7463768115942029,0.6896485253485831,0.6711956521739131,0.0751811594202898
lstm,full,63,Earthquakes,9,4,0.7482014388489209,0.4279835390946502,0.6151079136690647,0.13309352517985618
lstm,full,63,FordA,10,10,0.48787878787878786,0.4862642234202532,0.715814393939394,-0.2279356060606061
lstm,full,63,FordB,10,7,0.5222222222222223,0.5196738066161114,0.6385802469135803,-0.11635802469135803
lstm,full,63,FreezerRegularTrain,10,9,0.6164912280701754,0.5713356841833663,0.6873684210526315,-0.0708771929824561
lstm,full,63,FreezerSmallTrain,10,10,0.6154385964912281,0.5711369511456393,0.6017543859649123,0.013684210526315854
lstm,full,63,GesturePebbleZ1,10,10,0.2616279069767442,0.17362242622684557,0.2347383720930232,0.026889534883721006
lstm,full,63,GesturePebbleZ2,10,10,0.26582278481012656,0.14106206293706294,0.2120253164556962,0.05379746835443036
lstm,full,63,InsectWingbeatSound,6,1,0.13484848484848486,0.06567401153622107,0.1147727272727272,0.02007575757575765
lstm,full,63,ItalyPowerDemand,10,10,0.5889212827988338,0.5224114945933935,0.5949951409135082,-0.006073858114674424
lstm,full,63,Lightning2,10,10,0.6229508196721312,0.6019858156028368,0.5389344262295082,0.08401639344262302
lstm,full,63,Lightning7,10,10,0.1643835616438356,0.10556586270871984,0.1900684931506849,-0.02568493150684928
lstm,full,63,MoteStrain,10,10,0.7324281150159745,0.7274622906761329,0.5943490415335463,0.1380790734824282
lstm,full,63,Phoneme,6,1,0.01740506329113924,0.004278826947734665,0.0372494725738396,-0.01984440928270036
lstm,full,63,PickupGestureWiimoteZ,10,10,0.08,0.03967247145657941,0.095,-0.015
lstm,full,63,Plane,6,1,0.14285714285714285,0.03571428571428571,0.2964285714285714,-0.15357142857142853
lstm,full,63,ShakeGestureWiimoteZ,10,10,0.1,0.018518518518518517,0.12,-0.01999999999999999
lstm,full,63,SonyAIBORobotSurface1,10,10,0.6023294509151415,0.5858172265939257,0.6295757071547421,-0.02724625623960064
lstm,full,63,SonyAIBORobotSurface2,10,10,0.6379853095487933,0.46300914788011227,0.6382476390346274,-0.0002623294858341563
lstm,full,63,StarLightCurves,10,10,0.764570179698883,0.7221169678019973,0.7347771976687713,0.029792982030111714
lstm,full,63,Trace,10,10,0.19,0.13194444444444445,0.355,-0.16499999999999998
lstm,full,63,Wafer,10,8,0.9065541855937703,0.783634681692036,0.8539097988319273,0.05264438676184302
lstm,full,84,AllGestureWiimoteX,10,10,0.1357142857142857,0.08467616381967971,0.1396428571428571,-0.003928571428571392
lstm,full,84,AllGestureWiimoteY,10,10,0.23142857142857143,0.16178175452305912,0.165,0.06642857142857142
lstm,full,84,AllGestureWiimoteZ,10,10,0.14285714285714285,0.08610073611332636,0.1523214285714285,-0.009464285714285647
lstm,full,84,Car,10,9,0.2833333333333333,0.1503623188405797,0.2416666666666666,0.04166666666666671
lstm,full,84,ChlorineConcentration,10,8,0.30104166666666665,0.29996914482543824,0.3520833333333333,-0.05104166666666665
lstm,full,84,CinCECGTorso,10,10,0.31666666666666665,0.23056313653841964,0.2831521739130435,0.03351449275362317
lstm,full,84,DodgerLoopDay,10,10,0.1625,0.0670499778858912,0.1671875,-0.004687499999999983
lstm,full,84,DodgerLoopGame,7,2,0.4492753623188406,0.33112244897959187,0.473731884057971,-0.024456521739130432
lstm,full,84,DodgerLoopWeekend,10,5,0.7391304347826086,0.425,0.6711956521739131,0.06793478260869557
lstm,full,84,Earthquakes,10,10,0.7410071942446043,0.5974903474903475,0.6151079136690647,0.12589928057553956
lstm,full,84,FordA,8,3,0.8818181818181818,0.8817910447761195,0.715814393939394,0.1660037878787879
lstm,full,84,FordB,10,5,0.737037037037037,0.7368248442960412,0.6385802469135803,0.09845679012345676
lstm,full,84,FreezerRegularTrain,10,10,0.771578947368421,0.7714120901548203,0.6873684210526315,0.08421052631578951
lstm,full,84,FreezerSmallTrain,10,10,0.49894736842105264,0.33410517662951,0.6017543859649123,-0.10280701754385962
lstm,full,84,GesturePebbleZ1,10,10,0.26744186046511625,0.21336730901948295,0.2347383720930232,0.032703488372093054
lstm,full,84,GesturePebbleZ2,10,10,0.15822784810126583,0.09959760203662643,0.2120253164556962,-0.05379746835443036
lstm,full,84,InsectWingbeatSound,10,10,0.11767676767676767,0.08142013600895598,0.1147727272727272,0.0029040404040404644
lstm,full,84,ItalyPowerDemand,10,10,0.8318756073858115,0.8317510304265271,0.5949951409135082,0.2368804664723032
lstm,full,84,Lightning2,10,10,0.45901639344262296,0.3146067415730337,0.5389344262295082,-0.0799180327868852
lstm,full,84,Lightning7,10,10,0.1780821917808219,0.06357142857142857,0.1900684931506849,-0.011986301369862978
lstm,full,84,MoteStrain,10,10,0.5359424920127795,0.49828638036217415,0.5943490415335463,-0.05840654952076674
lstm,full,84,Phoneme,10,6,0.05168776371308017,0.012014519813699361,0.0372494725738396,0.01443829113924057
lstm,full,84,PickupGestureWiimoteZ,10,5,0.0,0.0,0.095,-0.095
lstm,full,84,Plane,10,10,0.22857142857142856,0.11272468010056662,0.2964285714285714,-0.06785714285714281
lstm,full,84,ShakeGestureWiimoteZ,10,10,0.1,0.033035714285714286,0.12,-0.01999999999999999
lstm,full,84,SonyAIBORobotSurface1,10,10,0.6722129783693843,0.6148150317037384,0.6295757071547421,0.042637271214642225
lstm,full,84,SonyAIBORobotSurface2,10,10,0.7481636935991606,0.7065163833456516,0.6382476390346274,0.10991605456453313
lstm,full,84,StarLightCurves,10,10,0.7661486158329286,0.7279631790287494,0.7347771976687713,0.03137141816415734
lstm,full,84,Trace,10,10,0.24,0.1790057959109164,0.355,-0.11499999999999999
lstm,full,84,Wafer,10,8,0.6985723556132382,0.5766413406578847,0.8539097988319273,-0.15533744321868914
lstm,full,105,AllGestureWiimoteX,10,7,0.18285714285714286,0.11495638911522543,0.1396428571428571,0.04321428571428576
lstm,full,105,AllGestureWiimoteY,10,10,0.22714285714285715,0.17857599245087635,0.165,0.06214285714285714
lstm,full,105,AllGestureWiimoteZ,10,7,0.18428571428571427,0.12083171924403908,0.1523214285714285,0.03196428571428578
lstm,full,105,Car,10,10,0.36666666666666664,0.2824058919803601,0.2416666666666666,0.12500000000000003
lstm,full,105,ChlorineConcentration,7,2,0.28203125,0.2554114667866257,0.3520833333333333,-0.07005208333333329
lstm,full,105,CinCECGTorso,10,10,0.23695652173913043,0.19180947638351065,0.2831521739130435,-0.046195652173913054
lstm,full,105,DodgerLoopDay,10,9,0.275,0.20609224079656904,0.1671875,0.10781250000000003
lstm,full,105,DodgerLoopGame,10,9,0.6884057971014492,0.6669846792749312,0.473731884057971,0.21467391304347822
lstm,full,105,DodgerLoopWeekend,6,1,0.7391304347826086,0.425,0.6711956521739131,0.06793478260869557
lstm,full,105,Earthquakes,7,2,0.7482014388489209,0.4279835390946502,0.6151079136690647,0.13309352517985618
lstm,full,105,FordA,10,8,0.6712121212121213,0.667471557928953,0.715814393939394,-0.044602272727272685
lstm,full,105,FordB,7,2,0.5802469135802469,0.5242011278195489,0.6385802469135803,-0.05833333333333335
lstm,full,105,FreezerRegularTrain,7,2,0.8150877192982456,0.8150756755964776,0.6873684210526315,0.12771929824561412
lstm,full,105,FreezerSmallTrain,10,10,0.8210526315789474,0.8208895412800625,0.6017543859649123,0.2192982456140351
lstm,full,105,GesturePebbleZ1,10,8,0.27906976744186046,0.23299732674732676,0.2347383720930232,0.04433139534883726
lstm,full,105,GesturePebbleZ2,10,8,0.27848101265822783,0.1743181800862238,0.2120253164556962,0.06645569620253164
lstm,full,105,InsectWingbeatSound,10,10,0.17222222222222222,0.13072600132233017,0.1147727272727272,0.057449494949495014
lstm,full,105,ItalyPowerDemand,10,10,0.7978620019436345,0.7930442316320374,0.5949951409135082,0.2028668610301263
lstm,full,105,Lightning2,10,10,0.5901639344262295,0.5897228948076405,0.5389344262295082,0.05122950819672134
lstm,full,105,Lightning7,10,10,0.2054794520547945,0.13624000324767588,0.1900684931506849,0.015410958904109623
lstm,full,105,MoteStrain,6,1,0.6022364217252396,0.5786870357756804,0.5943490415335463,0.007887380191693327
lstm,full,105,Phoneme,10,10,0.05168776371308017,0.013358344592902624,0.0372494725738396,0.01443829113924057
lstm,full,105,PickupGestureWiimoteZ,10,9,0.12,0.03962703962703963,0.095,0.024999999999999994
lstm,full,105,Plane,10,10,0.4,0.30642781762184745,0.2964285714285714,0.10357142857142865
lstm,full,105,ShakeGestureWiimoteZ,10,10,0.18,0.09092775041050903,0.12,0.06
lstm,full,105,SonyAIBORobotSurface1,10,9,0.610648918469218,0.47074363992172213,0.6295757071547421,-0.01892678868552411
lstm,full,105,SonyAIBORobotSurface2,8,3,0.3934942287513116,0.38971441993210604,0.6382476390346274,-0.24475341028331582
lstm,full,105,StarLightCurves,10,8,0.8314715881495872,0.805093641793833,0.7347771976687713,0.09669439048081596
lstm,full,105,Trace,10,10,0.58,0.5316511800864232,0.355,0.22499999999999998
lstm,full,105,Wafer,10,6,0.8705386112913692,0.6605753104930019,0.8539097988319273,0.016628812459441922
lstm,full,126,AllGestureWiimoteX,10,9,0.1742857142857143,0.14412597242708314,0.1396428571428571,0.0346428571428572
lstm,full,126,AllGestureWiimoteY,10,8,0.19285714285714287,0.1366998730980259,0.165,0.027857142857142858
lstm,full,126,AllGestureWiimoteZ,10,6,0.15142857142857144,0.1237713878746218,0.1523214285714285,-0.0008928571428570564
lstm,full,126,Car,10,5,0.4,0.29005681818181817,0.2416666666666666,0.1583333333333334
lstm,full,126,ChlorineConcentration,10,10,0.32838541666666665,0.3247710201698417,0.3520833333333333,-0.023697916666666652
lstm,full,126,CinCECGTorso,10,7,0.3050724637681159,0.20469473055679951,0.2831521739130435,0.02192028985507244
lstm,full,126,DodgerLoopDay,10,10,0.1625,0.09137466307277628,0.1671875,-0.004687499999999983
lstm,full,126,DodgerLoopGame,10,9,0.5507246376811594,0.4174836601307189,0.473731884057971,0.07699275362318841
lstm,full,126,DodgerLoopWeekend,10,5,0.47101449275362317,0.4707643814026793,0.6711956521739131,-0.2001811594202899
lstm,full,126,Earthquakes,6,1,0.5827338129496403,0.4832051282051282,0.6151079136690647,-0.03237410071942437
lstm,full,126,FordA,10,9,0.8454545454545455,0.8453519437827208,0.715814393939394,0.1296401515151515
lstm,full,126,FordB,10,10,0.7222222222222222,0.7211166352205589,0.6385802469135803,0.08364197530864192
lstm,full,126,FreezerRegularTrain,10,10,0.7635087719298246,0.7633967986819494,0.6873684210526315,0.07614035087719306
lstm,full,126,FreezerSmallTrain,10,10,0.5,0.3333333333333333,0.6017543859649123,-0.10175438596491226
lstm,full,126,GesturePebbleZ1,10,10,0.27906976744186046,0.2249730599619406,0.2347383720930232,0.04433139534883726
lstm,full,126,GesturePebbleZ2,10,6,0.3037974683544304,0.2710324171952079,0.2120253164556962,0.0917721518987342
lstm,full,126,InsectWingbeatSound,10,8,0.1393939393939394,0.11314092244976894,0.1147727272727272,0.024621212121212196
lstm,full,126,ItalyPowerDemand,10,10,0.858114674441205,0.8559199472145712,0.5949951409135082,0.2631195335276968
lstm,full,126,Lightning2,10,8,0.6557377049180327,0.5926868044515103,0.5389344262295082,0.11680327868852458
lstm,full,126,Lightning7,10,10,0.3835616438356164,0.25596141361979374,0.1900684931506849,0.19349315068493153
lstm,full,126,MoteStrain,10,9,0.7124600638977636,0.7116093366093366,0.5943490415335463,0.11811102236421733
lstm,full,126,Phoneme,9,4,0.06329113924050633,0.017278732808627253,0.0372494725738396,0.026041666666666734
lstm,full,126,PickupGestureWiimoteZ,10,8,0.18,0.1,0.095,0.08499999999999999
lstm,full,126,Plane,10,10,0.2571428571428571,0.12958003305031626,0.2964285714285714,-0.03928571428571426
lstm,full,126,ShakeGestureWiimoteZ,10,10,0.1,0.018518518518518517,0.12,-0.01999999999999999
lstm,full,126,SonyAIBORobotSurface1,10,10,0.6389351081530782,0.6264204342009905,0.6295757071547421,0.009359400998336098
lstm,full,126,SonyAIBORobotSurface2,7,2,0.6873032528856243,0.5884860603952935,0.6382476390346274,0.04905561385099688
lstm,full,126,StarLightCurves,10,9,0.740165128703254,0.7305081589399257,0.7347771976687713,0.0053879310344827624
lstm,full,126,Trace,10,10,0.28,0.16315628815628813,0.355,-0.07499999999999996
lstm,full,126,Wafer,10,10,0.8006164828033744,0.6829630927909174,0.8539097988319273,-0.05329331602855292
lstm,full,147,AllGestureWiimoteX,10,10,0.2785714285714286,0.24794331096344568,0.1396428571428571,0.13892857142857148
lstm,full,147,AllGestureWiimoteY,10,10,0.2557142857142857,0.18151990021509837,0.165,0.09071428571428572
lstm,full,147,AllGestureWiimoteZ,10,10,0.2857142857142857,0.23380002897913155,0.1523214285714285,0.1333928571428572
lstm,full,147,Car,10,8,0.16666666666666666,0.07246376811594203,0.2416666666666666,-0.07499999999999996
lstm,full,147,ChlorineConcentration,8,3,0.34869791666666666,0.3392781187576423,0.3520833333333333,-0.0033854166666666408
lstm,full,147,CinCECGTorso,10,10,0.3644927536231884,0.3326572647680649,0.2831521739130435,0.08134057971014491
lstm,full,147,DodgerLoopDay,10,10,0.1375,0.13097147950089125,0.1671875,-0.029687499999999978
lstm,full,147,DodgerLoopGame,8,3,0.4927536231884058,0.38392857142857145,0.473731884057971,0.01902173913043481
lstm,full,147,DodgerLoopWeekend,10,10,0.8188405797101449,0.778320375248988,0.6711956521739131,0.14764492753623182
lstm,full,147,Earthquakes,10,10,0.5611510791366906,0.5498752455274194,0.6151079136690647,-0.0539568345323741
lstm,full,147,FordA,7,2,0.9181818181818182,0.9180989017807284,0.715814393939394,0.20236742424242427
lstm,full,147,FordB,10,6,0.808641975308642,0.808284023668639,0.6385802469135803,0.17006172839506173
lstm,full,147,FreezerRegularTrain,9,4,0.7603508771929824,0.7602856843430857,0.6873684210526315,0.07298245614035093
lstm,full,147,FreezerSmallTrain,10,10,0.7519298245614036,0.750947381353765,0.6017543859649123,0.1501754385964913
lstm,full,147,GesturePebbleZ1,10,9,0.313953488372093,0.2637279726541768,0.2347383720930232,0.07921511627906982
lstm,full,147,GesturePebbleZ2,10,10,0.36075949367088606,0.3102317338067744,0.2120253164556962,0.14873417721518986
lstm,full,147,InsectWingbeatSound,10,10,0.19747474747474747,0.15053350128825155,0.1147727272727272,0.08270202020202026
lstm,full,147,ItalyPowerDemand,10,10,0.8668610301263362,0.8655916387707956,0.5949951409135082,0.27186588921282795
lstm,full,147,Lightning2,10,10,0.5901639344262295,0.5598845598845599,0.5389344262295082,0.05122950819672134
lstm,full,147,Lightning7,10,10,0.4520547945205479,0.35956964346022097,0.1900684931506849,0.261986301369863
lstm,full,147,MoteStrain,10,10,0.7643769968051118,0.7565132090298567,0.5943490415335463,0.17002795527156556
lstm,full,147,Phoneme,10,10,0.054324894514767935,0.027858803728222047,0.0372494725738396,0.017075421940928336
lstm,full,147,PickupGestureWiimoteZ,10,10,0.14,0.10246031746031745,0.095,0.04500000000000001
lstm,full,147,Plane,10,10,0.7047619047619048,0.6603090950917038,0.2964285714285714,0.40833333333333344
lstm,full,147,ShakeGestureWiimoteZ,10,10,0.28,0.2015873015873016,0.12,0.16000000000000003
lstm,full,147,SonyAIBORobotSurface1,10,10,0.8236272878535774,0.823517352954213,0.6295757071547421,0.19405158069883532
lstm,full,147,SonyAIBORobotSurface2,10,10,0.7995802728226653,0.7662202723061253,0.6382476390346274,0.16133263378803786
lstm,full,147,StarLightCurves,10,10,0.6890480815930063,0.6995597998308026,0.7347771976687713,-0.04572911607576491
lstm,full,147,Trace,10,10,0.6,0.5514352918586789,0.355,0.245
lstm,full,147,Wafer,10,9,0.9294289422452953,0.8450226411070257,0.8539097988319273,0.07551914341336796
