model,lr,lr_label,seed,dataset,epochs_trained,best_epoch,test_acc,test_f1_macro,base_test_acc,delta_vs_joint
cnn,0.001617,primary,7,AllGestureWiimoteX,10,10,0.3942857142857143,0.3321648768304807,0.1910714285714285,0.2032142857142858
cnn,0.001617,primary,7,AllGestureWiimoteY,6,1,0.1814285714285714,0.1106195496565488,0.1935714285714285,-0.012142857142857
cnn,0.001617,primary,7,AllGestureWiimoteZ,10,10,0.3857142857142857,0.3552769007435162,0.21625,0.1694642857142857
cnn,0.001617,primary,7,Car,8,3,0.3166666666666666,0.120253164556962,0.25,0.0666666666666666
cnn,0.001617,primary,7,ChlorineConcentration,10,10,0.42890625,0.4382218981115098,0.2523763020833333,0.1765299479166667
cnn,0.001617,primary,7,CinCECGTorso,6,1,0.2536231884057971,0.1011560693641618,0.2730978260869565,-0.0194746376811593
cnn,0.001617,primary,7,DodgerLoopDay,7,2,0.1375,0.0345368916797488,0.1671875,-0.0296874999999999
cnn,0.001617,primary,7,DodgerLoopGame,7,2,0.5362318840579711,0.3755656108597285,0.5253623188405797,0.0108695652173913
cnn,0.001617,primary,7,DodgerLoopWeekend,9,4,0.855072463768116,0.787037037037037,0.2608695652173913,0.5942028985507246
cnn,0.001617,primary,7,Earthquakes,10,8,0.5683453237410072,0.5391246684350133,0.6528776978417267,-0.0845323741007194
cnn,0.001617,primary,7,FordA,10,10,0.9462121212121212,0.9462120903421088,0.9327651515151516,0.0134469696969695
cnn,0.001617,primary,7,FordB,8,3,0.7950617283950617,0.7931435533894551,0.7816358024691358,0.0134259259259259
cnn,0.001617,primary,7,FreezerRegularTrain,6,1,0.7435087719298246,0.7410982524271845,0.5253070175438597,0.2182017543859649
cnn,0.001617,primary,7,FreezerSmallTrain,9,4,0.5,0.3333333333333333,0.5527631578947368,-0.0527631578947368
cnn,0.001617,primary,7,GesturePebbleZ1,7,2,0.2616279069767442,0.130121271714192,0.1962209302325581,0.0654069767441861
cnn,0.001617,primary,7,GesturePebbleZ2,6,1,0.1772151898734177,0.0620174450148157,0.2041139240506329,-0.0268987341772151
cnn,0.001617,primary,7,InsectWingbeatSound,6,1,0.1176767676767676,0.0600859695089039,0.1378787878787878,-0.0202020202020201
cnn,0.001617,primary,7,ItalyPowerDemand,7,2,0.5014577259475219,0.3339805825242718,0.7742954324586978,-0.2728377065111759
cnn,0.001617,primary,7,Lightning2,8,3,0.6065573770491803,0.5536585365853659,0.5389344262295082,0.0676229508196721
cnn,0.001617,primary,7,Lightning7,7,2,0.136986301369863,0.0882205513784461,0.2482876712328767,-0.1113013698630137
cnn,0.001617,primary,7,MoteStrain,8,3,0.8498402555910544,0.8438103024045314,0.4822284345047923,0.367611821086262
cnn,0.001617,primary,7,Phoneme,6,1,0.045886075949367,0.0081184765632024,0.0673786919831223,-0.0214926160337552
cnn,0.001617,primary,7,PickupGestureWiimoteZ,10,5,0.16,0.1200373482726423,0.1325,0.0274999999999999
cnn,0.001617,primary,7,Plane,7,2,0.2,0.0476190476190476,0.2273809523809523,-0.0273809523809522
cnn,0.001617,primary,7,ShakeGestureWiimoteZ,9,4,0.2,0.0966791979949874,0.185,0.015
cnn,0.001617,primary,7,SonyAIBORobotSurface1,8,3,0.9251247920133112,0.9246441179502756,0.8217554076539102,0.1033693843594009
cnn,0.001617,primary,7,SonyAIBORobotSurface2,10,10,0.8992654774396642,0.8963059681192536,0.5422350472193075,0.3570304302203567
cnn,0.001617,primary,7,StarLightCurves,10,10,0.7753763963088878,0.7698021038784115,0.4043224866440019,0.3710539096648859
cnn,0.001617,primary,7,Trace,6,1,0.24,0.0967741935483871,0.2925,-0.0524999999999999
cnn,0.001617,primary,7,Wafer,10,9,0.9954574951330304,0.988122137068358,0.8087280986372485,0.186729396495782
cnn,0.001617,primary,21,AllGestureWiimoteX,10,9,0.3785714285714285,0.3318481577266791,0.1910714285714285,0.1875
cnn,0.001617,primary,21,AllGestureWiimoteY,10,10,0.5357142857142857,0.5119402181636209,0.1935714285714285,0.3421428571428572
cnn,0.001617,primary,21,AllGestureWiimoteZ,10,10,0.4342857142857143,0.397469792441066,0.21625,0.2180357142857142
cnn,0.001617,primary,21,Car,7,2,0.4,0.2539868667917448,0.25,0.15
cnn,0.001617,primary,21,ChlorineConcentration,10,7,0.4419270833333333,0.4225211477146365,0.2523763020833333,0.18955078125
cnn,0.001617,primary,21,CinCECGTorso,9,4,0.2514492753623188,0.1568086886160718,0.2730978260869565,-0.0216485507246376
cnn,0.001617,primary,21,DodgerLoopDay,7,2,0.2875,0.1609290180718752,0.1671875,0.1203124999999999
cnn,0.001617,primary,21,DodgerLoopGame,7,2,0.5217391304347826,0.3428571428571428,0.5253623188405797,-0.0036231884057971
cnn,0.001617,primary,21,DodgerLoopWeekend,8,3,0.2608695652173913,0.2068965517241379,0.2608695652173913,0.0
cnn,0.001617,primary,21,Earthquakes,8,3,0.539568345323741,0.5341432760787599,0.6528776978417267,-0.1133093525179856
cnn,0.001617,primary,21,FordA,10,10,0.9386363636363636,0.9384583151783829,0.9327651515151516,0.0058712121212119
cnn,0.001617,primary,21,FordB,10,10,0.8098765432098766,0.8098023310421381,0.7816358024691358,0.0282407407407407
cnn,0.001617,primary,21,FreezerRegularTrain,6,1,0.6578947368421053,0.6371791753185478,0.5253070175438597,0.1325877192982456
cnn,0.001617,primary,21,FreezerSmallTrain,7,2,0.5,0.3333333333333333,0.5527631578947368,-0.0527631578947368
cnn,0.001617,primary,21,GesturePebbleZ1,6,1,0.2848837209302325,0.201122274713332,0.1962209302325581,0.0886627906976744
cnn,0.001617,primary,21,GesturePebbleZ2,7,2,0.360759493670886,0.283478590375142,0.2041139240506329,0.1566455696202531
cnn,0.001617,primary,21,InsectWingbeatSound,6,1,0.0919191919191919,0.0171468383415802,0.1378787878787878,-0.0459595959595958
cnn,0.001617,primary,21,ItalyPowerDemand,10,6,0.9504373177842566,0.9504365688380988,0.7742954324586978,0.1761418853255587
cnn,0.001617,primary,21,Lightning2,7,2,0.5409836065573771,0.351063829787234,0.5389344262295082,0.0020491803278689
cnn,0.001617,primary,21,Lightning7,7,2,0.1506849315068493,0.0738095238095238,0.2482876712328767,-0.0976027397260274
cnn,0.001617,primary,21,MoteStrain,10,5,0.6253993610223643,0.5296019559729835,0.4822284345047923,0.1431709265175719
cnn,0.001617,primary,21,Phoneme,6,1,0.0590717299578059,0.0068618517761791,0.0673786919831223,-0.0083069620253163
cnn,0.001617,primary,21,PickupGestureWiimoteZ,9,4,0.12,0.063003663003663,0.1325,-0.0125
cnn,0.001617,primary,21,Plane,7,2,0.5142857142857142,0.3931867727786095,0.2273809523809523,0.2869047619047619
cnn,0.001617,primary,21,ShakeGestureWiimoteZ,9,4,0.26,0.1943677375256322,0.185,0.075
cnn,0.001617,primary,21,SonyAIBORobotSurface1,8,3,0.9101497504159732,0.909214501510574,0.8217554076539102,0.0883943427620631
cnn,0.001617,primary,21,SonyAIBORobotSurface2,10,5,0.6411332633788038,0.4466301291715904,0.5422350472193075,0.0988982161594963
cnn,0.001617,primary,21,StarLightCurves,10,10,0.8676542010684798,0.8456224750411145,0.4043224866440019,0.4633317144244779
cnn,0.001617,primary,21,Trace,6,1,0.24,0.0967741935483871,0.2925,-0.0524999999999999
cnn,0.001617,primary,21,Wafer,10,10,0.9933484750162233,0.982595809851902,0.8087280986372485,0.1846203763789747
cnn,0.001617,primary,42,AllGestureWiimoteX,6,1,0.1457142857142857,0.0718313153506991,0.1910714285714285,-0.0453571428571427
cnn,0.001617,primary,42,AllGestureWiimoteY,10,10,0.4942857142857143,0.4719967241967121,0.1935714285714285,0.3007142857142857
cnn,0.001617,primary,42,AllGestureWiimoteZ,10,10,0.3771428571428571,0.3222534298220166,0.21625,0.1608928571428571
cnn,0.001617,primary,42,Car,7,2,0.2333333333333333,0.0945945945945946,0.25,-0.0166666666666666
cnn,0.001617,primary,42,ChlorineConcentration,10,8,0.5359375,0.477666834130626,0.2523763020833333,0.2835611979166667
cnn,0.001617,primary,42,CinCECGTorso,7,2,0.2536231884057971,0.1011560693641618,0.2730978260869565,-0.0194746376811593
cnn,0.001617,primary,42,DodgerLoopDay,6,1,0.15,0.0372670807453416,0.1671875,-0.0171874999999999
cnn,0.001617,primary,42,DodgerLoopGame,7,2,0.5362318840579711,0.3755656108597285,0.5253623188405797,0.0108695652173913
cnn,0.001617,primary,42,DodgerLoopWeekend,9,4,0.8985507246376812,0.8660194174757282,0.2608695652173913,0.6376811594202898
cnn,0.001617,primary,42,Earthquakes,10,9,0.5971223021582733,0.5663992869875223,0.6528776978417267,-0.0557553956834533
cnn,0.001617,primary,42,FordA,10,7,0.9409090909090908,0.940907869997314,0.9327651515151516,0.0081439393939393
cnn,0.001617,primary,42,FordB,7,2,0.7925925925925926,0.792439476766888,0.7816358024691358,0.0109567901234568
cnn,0.001617,primary,42,FreezerRegularTrain,6,1,0.4978947368421053,0.3501278519298256,0.5253070175438597,-0.0274122807017543
cnn,0.001617,primary,42,FreezerSmallTrain,6,1,0.5,0.3333333333333333,0.5527631578947368,-0.0527631578947368
cnn,0.001617,primary,42,GesturePebbleZ1,6,1,0.1860465116279069,0.1251717384314069,0.1962209302325581,-0.0101744186046511
cnn,0.001617,primary,42,GesturePebbleZ2,6,1,0.2658227848101265,0.1420452822619206,0.2041139240506329,0.0617088607594936
cnn,0.001617,primary,42,InsectWingbeatSound,6,1,0.1186868686868686,0.0494806396369528,0.1378787878787878,-0.0191919191919191
cnn,0.001617,primary,42,ItalyPowerDemand,7,2,0.5063168124392614,0.3447174447174447,0.7742954324586978,-0.2679786200194364
cnn,0.001617,primary,42,Lightning2,7,2,0.5737704918032787,0.553490990990991,0.5389344262295082,0.0348360655737705
cnn,0.001617,primary,42,Lightning7,7,2,0.1917808219178082,0.103583916083916,0.2482876712328767,-0.0565068493150685
cnn,0.001617,primary,42,MoteStrain,9,4,0.854632587859425,0.852219074598678,0.4822284345047923,0.3724041533546326
cnn,0.001617,primary,42,Phoneme,7,2,0.0817510548523206,0.0081909566032989,0.0673786919831223,0.0143723628691983
cnn,0.001617,primary,42,PickupGestureWiimoteZ,10,5,0.34,0.2742518783898094,0.1325,0.2075
cnn,0.001617,primary,42,Plane,7,2,0.2761904761904762,0.1771428571428571,0.2273809523809523,0.0488095238095239
cnn,0.001617,primary,42,ShakeGestureWiimoteZ,9,4,0.14,0.0654545454545454,0.185,-0.0449999999999999
cnn,0.001617,primary,42,SonyAIBORobotSurface1,9,4,0.4292845257903494,0.3003492433061699,0.8217554076539102,-0.3924708818635607
cnn,0.001617,primary,42,SonyAIBORobotSurface2,10,5,0.7943336831059811,0.7456313323891492,0.5422350472193075,0.2520986358866736
cnn,0.001617,primary,42,StarLightCurves,10,8,0.9326129188926664,0.9121782843263944,0.4043224866440019,0.5282904322486646
cnn,0.001617,primary,42,Trace,6,1,0.24,0.0967741935483871,0.2925,-0.0524999999999999
cnn,0.001617,primary,42,Wafer,10,10,0.9758273848150552,0.942151911163834,0.8087280986372485,0.1670992861778066
cnn,0.001617,primary,63,AllGestureWiimoteX,10,9,0.3757142857142857,0.3269113852441682,0.1910714285714285,0.1846428571428572
cnn,0.001617,primary,63,AllGestureWiimoteY,10,10,0.5157142857142857,0.4908484580919113,0.1935714285714285,0.3221428571428572
cnn,0.001617,primary,63,AllGestureWiimoteZ,6,1,0.1757142857142857,0.1120161387419136,0.21625,-0.0405357142857142
cnn,0.001617,primary,63,Car,6,1,0.3166666666666666,0.120253164556962,0.25,0.0666666666666666
cnn,0.001617,primary,63,ChlorineConcentration,10,10,0.4736979166666666,0.4831720807805186,0.2523763020833333,0.2213216145833333
cnn,0.001617,primary,63,CinCECGTorso,6,1,0.2615942028985507,0.1173711413197394,0.2730978260869565,-0.0115036231884057
cnn,0.001617,primary,63,DodgerLoopDay,7,2,0.2875,0.1607142857142857,0.1671875,0.1203124999999999
cnn,0.001617,primary,63,DodgerLoopGame,9,4,0.644927536231884,0.6260576231819941,0.5253623188405797,0.1195652173913043
cnn,0.001617,primary,63,DodgerLoopWeekend,9,4,0.8478260869565217,0.8237547892720306,0.2608695652173913,0.5869565217391304
cnn,0.001617,primary,63,Earthquakes,10,8,0.4892086330935252,0.4882551205600207,0.6528776978417267,-0.1636690647482014
cnn,0.001617,primary,63,FordA,10,6,0.943939393939394,0.94391415788555,0.9327651515151516,0.0111742424242423
cnn,0.001617,primary,63,FordB,10,8,0.8271604938271605,0.8270328973057399,0.7816358024691358,0.0455246913580247
cnn,0.001617,primary,63,FreezerRegularTrain,6,1,0.6796491228070175,0.6665438549839651,0.5253070175438597,0.1543421052631578
cnn,0.001617,primary,63,FreezerSmallTrain,9,4,0.4989473684210526,0.3328651685393258,0.5527631578947368,-0.0538157894736842
cnn,0.001617,primary,63,GesturePebbleZ1,6,1,0.2558139534883721,0.1973964954657174,0.1962209302325581,0.059593023255814
cnn,0.001617,primary,63,GesturePebbleZ2,6,1,0.1835443037974683,0.1295231729055258,0.2041139240506329,-0.0205696202531645
cnn,0.001617,primary,63,InsectWingbeatSound,6,1,0.105050505050505,0.035731958154407,0.1378787878787878,-0.0328282828282827
cnn,0.001617,primary,63,ItalyPowerDemand,9,4,0.5830903790087464,0.496855926552803,0.7742954324586978,-0.1912050534499514
cnn,0.001617,primary,63,Lightning2,8,3,0.5901639344262295,0.480762683009874,0.5389344262295082,0.0512295081967213
cnn,0.001617,primary,63,Lightning7,7,2,0.2191780821917808,0.1547730891195936,0.2482876712328767,-0.0291095890410958
cnn,0.001617,primary,63,MoteStrain,10,5,0.7404153354632588,0.7094034307392465,0.4822284345047923,0.2581869009584664
cnn,0.001617,primary,63,Phoneme,7,2,0.0548523206751054,0.0062392219450779,0.0673786919831223,-0.0125263713080168
cnn,0.001617,primary,63,PickupGestureWiimoteZ,10,7,0.16,0.131297852474323,0.1325,0.0274999999999999
cnn,0.001617,primary,63,Plane,7,2,0.4761904761904761,0.3763151741875146,0.2273809523809523,0.2488095238095238
cnn,0.001617,primary,63,ShakeGestureWiimoteZ,9,4,0.16,0.0877948717948718,0.185,-0.0249999999999999
cnn,0.001617,primary,63,SonyAIBORobotSurface1,10,5,0.6938435940099834,0.6853044963005122,0.8217554076539102,-0.1279118136439267
cnn,0.001617,primary,63,SonyAIBORobotSurface2,9,4,0.3830010493179433,0.2769347496206373,0.5422350472193075,-0.1592339979013641
cnn,0.001617,primary,63,StarLightCurves,10,7,0.8967945604662457,0.8666660205028007,0.4043224866440019,0.4924720738222438
cnn,0.001617,primary,63,Trace,7,2,0.24,0.0967741935483871,0.2925,-0.0524999999999999
cnn,0.001617,primary,63,Wafer,10,6,0.9914016872160936,0.9780277857458244,0.8087280986372485,0.1826735885788449
cnn,0.001617,primary,84,AllGestureWiimoteX,10,10,0.4528571428571428,0.4249262204088915,0.1910714285714285,0.2617857142857143
cnn,0.001617,primary,84,AllGestureWiimoteY,10,10,0.4542857142857143,0.4291553651227372,0.1935714285714285,0.2607142857142858
cnn,0.001617,primary,84,AllGestureWiimoteZ,10,10,0.3942857142857143,0.3716308424662402,0.21625,0.1780357142857143
cnn,0.001617,primary,84,Car,6,1,0.3166666666666666,0.120253164556962,0.25,0.0666666666666666
cnn,0.001617,primary,84,ChlorineConcentration,10,9,0.534375,0.4470466590554089,0.2523763020833333,0.2819986979166667
cnn,0.001617,primary,84,CinCECGTorso,8,3,0.3144927536231884,0.2488042626203862,0.2730978260869565,0.0413949275362319
cnn,0.001617,primary,84,DodgerLoopDay,6,1,0.15,0.038095238095238,0.1671875,-0.0171874999999999
cnn,0.001617,primary,84,DodgerLoopGame,8,3,0.6811594202898551,0.6768149882903982,0.5253623188405797,0.1557971014492754
cnn,0.001617,primary,84,DodgerLoopWeekend,10,5,0.8478260869565217,0.7790316431566908,0.2608695652173913,0.5869565217391304
cnn,0.001617,primary,84,Earthquakes,9,4,0.4964028776978417,0.4942827442827442,0.6528776978417267,-0.1564748201438849
cnn,0.001617,primary,84,FordA,10,9,0.9477272727272728,0.9476079292189336,0.9327651515151516,0.0149621212121211
cnn,0.001617,primary,84,FordB,10,8,0.8160493827160494,0.8158739845150463,0.7816358024691358,0.0344135802469136
cnn,0.001617,primary,84,FreezerRegularTrain,10,7,0.7487719298245614,0.7484369460151554,0.5253070175438597,0.2234649122807017
cnn,0.001617,primary,84,FreezerSmallTrain,8,3,0.5,0.3333333333333333,0.5527631578947368,-0.0527631578947368
cnn,0.001617,primary,84,GesturePebbleZ1,6,1,0.2151162790697674,0.1406872431085085,0.1962209302325581,0.0188953488372093
cnn,0.001617,primary,84,GesturePebbleZ2,7,2,0.430379746835443,0.3384200056834328,0.2041139240506329,0.2262658227848101
cnn,0.001617,primary,84,InsectWingbeatSound,6,1,0.0919191919191919,0.01725079526603,0.1378787878787878,-0.0459595959595958
cnn,0.001617,primary,84,ItalyPowerDemand,10,6,0.8551992225461613,0.8519691775035554,0.7742954324586978,0.0809037900874635
cnn,0.001617,primary,84,Lightning2,7,2,0.6721311475409836,0.6720430107526881,0.5389344262295082,0.1331967213114754
cnn,0.001617,primary,84,Lightning7,8,3,0.2465753424657534,0.1616780045351473,0.2482876712328767,-0.0017123287671232
cnn,0.001617,primary,84,MoteStrain,10,8,0.731629392971246,0.6961165048543689,0.4822284345047923,0.2494009584664536
cnn,0.001617,primary,84,Phoneme,7,2,0.0363924050632911,0.0030878276811858,0.0673786919831223,-0.0309862869198311
cnn,0.001617,primary,84,PickupGestureWiimoteZ,9,4,0.14,0.0933333333333333,0.1325,0.0075
cnn,0.001617,primary,84,Plane,7,2,0.2,0.0512820512820512,0.2273809523809523,-0.0273809523809522
cnn,0.001617,primary,84,ShakeGestureWiimoteZ,10,5,0.2,0.1133100233100233,0.185,0.015
cnn,0.001617,primary,84,SonyAIBORobotSurface1,10,5,0.4825291181364393,0.397304312777106,0.8217554076539102,-0.3392262895174709
cnn,0.001617,primary,84,SonyAIBORobotSurface2,10,10,0.8929695697796433,0.8855268736162796,0.5422350472193075,0.3507345225603357
cnn,0.001617,primary,84,StarLightCurves,10,8,0.945726080621661,0.9241360420482088,0.4043224866440019,0.5414035939776591
cnn,0.001617,primary,84,Trace,6,1,0.24,0.0967741935483871,0.2925,-0.0524999999999999
cnn,0.001617,primary,84,Wafer,10,9,0.9907527579493836,0.976121956704481,0.8087280986372485,0.182024659312135
cnn,0.001617,primary,105,AllGestureWiimoteX,6,1,0.1814285714285714,0.1359473113029927,0.1910714285714285,-0.009642857142857
cnn,0.001617,primary,105,AllGestureWiimoteY,10,10,0.4814285714285714,0.4712171702616379,0.1935714285714285,0.2878571428571429
cnn,0.001617,primary,105,AllGestureWiimoteZ,10,10,0.4057142857142857,0.3387451791227739,0.21625,0.1894642857142857
cnn,0.001617,primary,105,Car,7,2,0.3166666666666666,0.120253164556962,0.25,0.0666666666666666
cnn,0.001617,primary,105,ChlorineConcentration,10,8,0.4890625,0.3721201563390421,0.2523763020833333,0.2366861979166667
cnn,0.001617,primary,105,CinCECGTorso,6,1,0.2992753623188405,0.201348068303989,0.2730978260869565,0.026177536231884
cnn,0.001617,primary,105,DodgerLoopDay,7,2,0.15,0.0376766091051805,0.1671875,-0.0171874999999999
cnn,0.001617,primary,105,DodgerLoopGame,8,3,0.4782608695652174,0.3235294117647059,0.5253623188405797,-0.0471014492753623
cnn,0.001617,primary,105,DodgerLoopWeekend,9,4,0.8478260869565217,0.7790316431566908,0.2608695652173913,0.5869565217391304
cnn,0.001617,primary,105,Earthquakes,9,4,0.60431654676259,0.575866851595007,0.6528776978417267,-0.0485611510791367
cnn,0.001617,primary,105,FordA,10,8,0.9484848484848484,0.9484047787659452,0.9327651515151516,0.0157196969696968
cnn,0.001617,primary,105,FordB,10,8,0.7790123456790123,0.7757970962948302,0.7816358024691358,-0.0026234567901234
cnn,0.001617,primary,105,FreezerRegularTrain,9,4,0.7575438596491229,0.7564955237884097,0.5253070175438597,0.2322368421052631
cnn,0.001617,primary,105,FreezerSmallTrain,9,4,0.7628070175438596,0.7625375865062778,0.5527631578947368,0.2100438596491227
cnn,0.001617,primary,105,GesturePebbleZ1,10,10,0.2441860465116279,0.2219913424214499,0.1962209302325581,0.0479651162790698
cnn,0.001617,primary,105,GesturePebbleZ2,7,2,0.2531645569620253,0.1558364992261151,0.2041139240506329,0.0490506329113924
cnn,0.001617,primary,105,InsectWingbeatSound,6,1,0.0909090909090909,0.0151515151515151,0.1378787878787878,-0.0469696969696968
cnn,0.001617,primary,105,ItalyPowerDemand,10,5,0.8134110787172012,0.8125185044600494,0.7742954324586978,0.0391156462585033
cnn,0.001617,primary,105,Lightning2,10,5,0.5245901639344263,0.419047619047619,0.5389344262295082,-0.0143442622950819
cnn,0.001617,primary,105,Lightning7,7,2,0.0958904109589041,0.0249999999999999,0.2482876712328767,-0.1523972602739726
cnn,0.001617,primary,105,MoteStrain,10,5,0.5559105431309904,0.4906994439566872,0.4822284345047923,0.0736821086261981
cnn,0.001617,primary,105,Phoneme,6,1,0.0917721518987341,0.015218096593374,0.0673786919831223,0.0243934599156118
cnn,0.001617,primary,105,PickupGestureWiimoteZ,9,4,0.16,0.1055806938159879,0.1325,0.0274999999999999
cnn,0.001617,primary,105,Plane,7,2,0.3142857142857143,0.1868131868131868,0.2273809523809523,0.0869047619047619
cnn,0.001617,primary,105,ShakeGestureWiimoteZ,9,4,0.2,0.1634782608695652,0.185,0.015
cnn,0.001617,primary,105,SonyAIBORobotSurface1,9,4,0.4475873544093178,0.3353187293465515,0.8217554076539102,-0.3741680532445924
cnn,0.001617,primary,105,SonyAIBORobotSurface2,10,9,0.8593913955928646,0.8494406873980174,0.5422350472193075,0.3171563483735571
cnn,0.001617,primary,105,StarLightCurves,10,7,0.8874453618261292,0.8658847038888758,0.4043224866440019,0.4831228751821273
cnn,0.001617,primary,105,Trace,7,2,0.24,0.0967741935483871,0.2925,-0.0524999999999999
cnn,0.001617,primary,105,Wafer,10,10,0.994970798182998,0.9869278765406608,0.8087280986372485,0.1862426995457495
cnn,0.001617,primary,126,AllGestureWiimoteX,10,10,0.4114285714285714,0.377793746017002,0.1910714285714285,0.2203571428571429
cnn,0.001617,primary,126,AllGestureWiimoteY,10,10,0.4685714285714286,0.4267075778198139,0.1935714285714285,0.2750000000000001
cnn,0.001617,primary,126,AllGestureWiimoteZ,10,10,0.3771428571428571,0.3122272937183579,0.21625,0.1608928571428571
cnn,0.001617,primary,126,Car,7,2,0.35,0.1964285714285714,0.25,0.0999999999999999
cnn,0.001617,primary,126,ChlorineConcentration,10,7,0.3760416666666666,0.3689577294646639,0.2523763020833333,0.1236653645833333
cnn,0.001617,primary,126,CinCECGTorso,9,4,0.2478260869565217,0.0993031358885017,0.2730978260869565,-0.0252717391304347
cnn,0.001617,primary,126,DodgerLoopDay,7,2,0.2625,0.1507064364207221,0.1671875,0.0953125
cnn,0.001617,primary,126,DodgerLoopGame,8,3,0.5217391304347826,0.5041376306620209,0.5253623188405797,-0.0036231884057971
cnn,0.001617,primary,126,DodgerLoopWeekend,10,5,0.5652173913043478,0.5629222972972974,0.2608695652173913,0.3043478260869565
cnn,0.001617,primary,126,Earthquakes,6,1,0.7122302158273381,0.4159663865546218,0.6528776978417267,0.0593525179856114
cnn,0.001617,primary,126,FordA,10,5,0.943939393939394,0.9439064280201404,0.9327651515151516,0.0111742424242423
cnn,0.001617,primary,126,FordB,10,5,0.8049382716049382,0.8048418972332017,0.7816358024691358,0.0233024691358024
cnn,0.001617,primary,126,FreezerRegularTrain,6,1,0.5,0.3333333333333333,0.5253070175438597,-0.0253070175438596
cnn,0.001617,primary,126,FreezerSmallTrain,7,2,0.5,0.3333333333333333,0.5527631578947368,-0.0527631578947368
cnn,0.001617,primary,126,GesturePebbleZ1,6,1,0.2209302325581395,0.1037884289518276,0.1962209302325581,0.0247093023255814
cnn,0.001617,primary,126,GesturePebbleZ2,6,1,0.1962025316455696,0.0852355072463768,0.2041139240506329,-0.0079113924050632
cnn,0.001617,primary,126,InsectWingbeatSound,6,1,0.0909090909090909,0.0151515151515151,0.1378787878787878,-0.0469696969696968
cnn,0.001617,primary,126,ItalyPowerDemand,7,2,0.5364431486880467,0.4075220806309683,0.7742954324586978,-0.2378522837706511
cnn,0.001617,primary,126,Lightning2,8,3,0.5573770491803278,0.5246753246753246,0.5389344262295082,0.0184426229508196
cnn,0.001617,primary,126,Lightning7,6,1,0.1780821917808219,0.1341698841698841,0.2482876712328767,-0.0702054794520548
cnn,0.001617,primary,126,MoteStrain,9,4,0.805111821086262,0.7923833291196707,0.4822284345047923,0.3228833865814697
cnn,0.001617,primary,126,Phoneme,6,1,0.0311181434599156,0.009082370533455,0.0673786919831223,-0.0362605485232066
cnn,0.001617,primary,126,PickupGestureWiimoteZ,8,3,0.14,0.1049950049950049,0.1325,0.0075
cnn,0.001617,primary,126,Plane,7,2,0.3619047619047619,0.1979030144167758,0.2273809523809523,0.1345238095238096
cnn,0.001617,primary,126,ShakeGestureWiimoteZ,9,4,0.18,0.0977884860237801,0.185,-0.005
cnn,0.001617,primary,126,SonyAIBORobotSurface1,9,4,0.4292845257903494,0.3003492433061699,0.8217554076539102,-0.3924708818635607
cnn,0.001617,primary,126,SonyAIBORobotSurface2,10,5,0.832109129066107,0.8306981701900871,0.5422350472193075,0.2898740818467995
cnn,0.001617,primary,126,StarLightCurves,10,10,0.8929091792132103,0.8708090802039524,0.4043224866440019,0.4885866925692084
cnn,0.001617,primary,126,Trace,6,1,0.24,0.0967741935483871,0.2925,-0.0524999999999999
cnn,0.001617,primary,126,Wafer,10,10,0.9902660609993512,0.9748156525377194,0.8087280986372485,0.1815379623621026
cnn,0.001617,primary,147,AllGestureWiimoteX,10,9,0.3385714285714286,0.2842682964369726,0.1910714285714285,0.1475
cnn,0.001617,primary,147,AllGestureWiimoteY,10,10,0.4914285714285714,0.4542608569023351,0.1935714285714285,0.2978571428571429
cnn,0.001617,primary,147,AllGestureWiimoteZ,10,10,0.44,0.4020536093474774,0.21625,0.22375
cnn,0.001617,primary,147,Car,8,3,0.3,0.1783405172413793,0.25,0.0499999999999999
cnn,0.001617,primary,147,ChlorineConcentration,10,10,0.5057291666666667,0.5051212610228938,0.2523763020833333,0.2533528645833334
cnn,0.001617,primary,147,CinCECGTorso,10,8,0.2405797101449275,0.1544287178173434,0.2730978260869565,-0.0325181159420289
cnn,0.001617,primary,147,DodgerLoopDay,7,2,0.175,0.0666167233331412,0.1671875,0.0078125
cnn,0.001617,primary,147,DodgerLoopGame,8,3,0.6231884057971014,0.5886264618206833,0.5253623188405797,0.0978260869565217
cnn,0.001617,primary,147,DodgerLoopWeekend,10,10,0.8840579710144928,0.8612019109881821,0.2608695652173913,0.6231884057971016
cnn,0.001617,primary,147,Earthquakes,7,2,0.697841726618705,0.4529610194902549,0.6528776978417267,0.0449640287769783
cnn,0.001617,primary,147,FordA,10,7,0.9363636363636364,0.936349024110218,0.9327651515151516,0.0035984848484847
cnn,0.001617,primary,147,FordB,9,4,0.8234567901234567,0.8231265508684864,0.7816358024691358,0.0418209876543209
cnn,0.001617,primary,147,FreezerRegularTrain,7,2,0.7628070175438596,0.7625487079573421,0.5253070175438597,0.2374999999999999
cnn,0.001617,primary,147,FreezerSmallTrain,8,3,0.7287719298245614,0.7244482868214349,0.5527631578947368,0.1760087719298245
cnn,0.001617,primary,147,GesturePebbleZ1,6,1,0.25,0.1237043946932006,0.1962209302325581,0.0537790697674419
cnn,0.001617,primary,147,GesturePebbleZ2,6,1,0.2215189873417721,0.1366881991881992,0.2041139240506329,0.0174050632911392
cnn,0.001617,primary,147,InsectWingbeatSound,6,1,0.0914141414141414,0.0161771085322057,0.1378787878787878,-0.0464646464646463
cnn,0.001617,primary,147,ItalyPowerDemand,9,4,0.8192419825072886,0.8137306425618387,0.7742954324586978,0.0449465500485908
cnn,0.001617,primary,147,Lightning2,6,1,0.5573770491803278,0.5246753246753246,0.5389344262295082,0.0184426229508196
cnn,0.001617,primary,147,Lightning7,7,2,0.136986301369863,0.0686813186813186,0.2482876712328767,-0.1113013698630137
cnn,0.001617,primary,147,MoteStrain,10,6,0.6174121405750799,0.5142393131239495,0.4822284345047923,0.1351837060702875
cnn,0.001617,primary,147,Phoneme,10,10,0.1265822784810126,0.0761823840184755,0.0673786919831223,0.0592035864978903
cnn,0.001617,primary,147,PickupGestureWiimoteZ,10,5,0.2,0.1141269841269841,0.1325,0.0675
cnn,0.001617,primary,147,Plane,7,2,0.2,0.0476190476190476,0.2273809523809523,-0.0273809523809522
cnn,0.001617,primary,147,ShakeGestureWiimoteZ,10,5,0.34,0.274491341991342,0.185,0.155
cnn,0.001617,primary,147,SonyAIBORobotSurface1,9,4,0.8585690515806988,0.8491737550228668,0.8217554076539102,0.0368136439267886
cnn,0.001617,primary,147,SonyAIBORobotSurface2,10,10,0.8530954879328436,0.8306422949987307,0.5422350472193075,0.3108604407135361
cnn,0.001617,primary,147,StarLightCurves,10,10,0.923992229237494,0.9026970993901496,0.4043224866440019,0.519669742593492
cnn,0.001617,primary,147,Trace,6,1,0.24,0.0967741935483871,0.2925,-0.0524999999999999
cnn,0.001617,primary,147,Wafer,10,9,0.9024983776768332,0.8140642680560202,0.8087280986372485,0.0937702790395847
cnn,0.0002,secondary,7,AllGestureWiimoteX,10,10,0.3457142857142857,0.3063877127872632,0.1910714285714285,0.1546428571428572
cnn,0.0002,secondary,7,AllGestureWiimoteY,10,10,0.34,0.2956753409547327,0.1935714285714285,0.1464285714285715
cnn,0.0002,secondary,7,AllGestureWiimoteZ,10,10,0.3228571428571428,0.2842983451321527,0.21625,0.1066071428571428
cnn,0.0002,secondary,7,Car,7,2,0.25,0.1208904109589041,0.25,0.0
cnn,0.0002,secondary,7,ChlorineConcentration,10,10,0.5059895833333333,0.45141609978272,0.2523763020833333,0.25361328125
cnn,0.0002,secondary,7,CinCECGTorso,8,3,0.2536231884057971,0.1011560693641618,0.2730978260869565,-0.0194746376811593
cnn,0.0002,secondary,7,DodgerLoopDay,6,1,0.15,0.0630252100840336,0.1671875,-0.0171874999999999
cnn,0.0002,secondary,7,DodgerLoopGame,6,1,0.4710144927536231,0.3201970443349753,0.5253623188405797,-0.0543478260869565
cnn,0.0002,secondary,7,DodgerLoopWeekend,9,4,0.2608695652173913,0.2068965517241379,0.2608695652173913,0.0
cnn,0.0002,secondary,7,Earthquakes,10,6,0.6258992805755396,0.5973707664884136,0.6528776978417267,-0.0269784172661871
cnn,0.0002,secondary,7,FordA,10,10,0.937878787878788,0.9378765060240964,0.9327651515151516,0.0051136363636362
cnn,0.0002,secondary,7,FordB,10,9,0.8123456790123457,0.8116279069767443,0.7816358024691358,0.0307098765432098
cnn,0.0002,secondary,7,FreezerRegularTrain,6,1,0.6880701754385965,0.6674921018465136,0.5253070175438597,0.1627631578947368
cnn,0.0002,secondary,7,FreezerSmallTrain,10,5,0.7568421052631579,0.756823393612928,0.5527631578947368,0.204078947368421
cnn,0.0002,secondary,7,GesturePebbleZ1,10,10,0.313953488372093,0.231178717500906,0.1962209302325581,0.1177325581395349
cnn,0.0002,secondary,7,GesturePebbleZ2,6,1,0.1772151898734177,0.0982905982905983,0.2041139240506329,-0.0268987341772151
cnn,0.0002,secondary,7,InsectWingbeatSound,6,1,0.0939393939393939,0.0237500049808946,0.1378787878787878,-0.0439393939393938
cnn,0.0002,secondary,7,ItalyPowerDemand,6,1,0.717201166180758,0.7115522996228705,0.7742954324586978,-0.0570942662779397
cnn,0.0002,secondary,7,Lightning2,10,5,0.5901639344262295,0.4594115561857497,0.5389344262295082,0.0512295081967213
cnn,0.0002,secondary,7,Lightning7,9,4,0.1095890410958904,0.0443746729461015,0.2482876712328767,-0.1386986301369863
cnn,0.0002,secondary,7,MoteStrain,10,7,0.7420127795527156,0.7150694120042642,0.4822284345047923,0.2597843450479233
cnn,0.0002,secondary,7,Phoneme,10,5,0.0390295358649789,0.0095464720267257,0.0673786919831223,-0.0283491561181433
cnn,0.0002,secondary,7,PickupGestureWiimoteZ,10,10,0.1,0.0188679245283018,0.1325,-0.0325
cnn,0.0002,secondary,7,Plane,10,5,0.2285714285714285,0.1365491651205937,0.2273809523809523,0.0011904761904762
cnn,0.0002,secondary,7,ShakeGestureWiimoteZ,10,10,0.12,0.0441798941798941,0.185,-0.065
cnn,0.0002,secondary,7,SonyAIBORobotSurface1,10,7,0.4292845257903494,0.3003492433061699,0.8217554076539102,-0.3924708818635607
cnn,0.0002,secondary,7,SonyAIBORobotSurface2,10,10,0.8761804826862539,0.8729918862264627,0.5422350472193075,0.3339454354669464
cnn,0.0002,secondary,7,StarLightCurves,10,10,0.9188926663428848,0.896966981592246,0.4043224866440019,0.5145701796988831
cnn,0.0002,secondary,7,Trace,7,2,0.36,0.2467532467532467,0.2925,0.0675
cnn,0.0002,secondary,7,Wafer,10,9,0.9853990914990266,0.9610927143028668,0.8087280986372485,0.1766709928617781
cnn,0.0002,secondary,21,AllGestureWiimoteX,10,10,0.3214285714285714,0.2965444268125181,0.1910714285714285,0.1303571428571429
cnn,0.0002,secondary,21,AllGestureWiimoteY,10,10,0.3585714285714286,0.3266356745165162,0.1935714285714285,0.1650000000000001
cnn,0.0002,secondary,21,AllGestureWiimoteZ,10,10,0.3428571428571428,0.2854164282596518,0.21625,0.1266071428571428
cnn,0.0002,secondary,21,Car,8,3,0.35,0.223444976076555,0.25,0.0999999999999999
cnn,0.0002,secondary,21,ChlorineConcentration,6,1,0.2307291666666666,0.1249823670475384,0.2523763020833333,-0.0216471354166666
cnn,0.0002,secondary,21,CinCECGTorso,10,10,0.2543478260869565,0.1125808148351968,0.2730978260869565,-0.0187499999999999
cnn,0.0002,secondary,21,DodgerLoopDay,10,8,0.1125,0.0408163265306122,0.1671875,-0.0546874999999999
cnn,0.0002,secondary,21,DodgerLoopGame,9,4,0.5072463768115942,0.4101081216997737,0.5253623188405797,-0.0181159420289854
cnn,0.0002,secondary,21,DodgerLoopWeekend,7,2,0.572463768115942,0.5353535353535354,0.2608695652173913,0.3115942028985507
cnn,0.0002,secondary,21,Earthquakes,10,6,0.6187050359712231,0.5566588433531925,0.6528776978417267,-0.0341726618705036
cnn,0.0002,secondary,21,FordA,10,7,0.9295454545454546,0.9294044173420384,0.9327651515151516,-0.003219696969697
cnn,0.0002,secondary,21,FordB,10,10,0.8197530864197531,0.8194349440562858,0.7816358024691358,0.0381172839506173
cnn,0.0002,secondary,21,FreezerRegularTrain,7,2,0.6701754385964912,0.6501412494306144,0.5253070175438597,0.1448684210526315
cnn,0.0002,secondary,21,FreezerSmallTrain,6,1,0.632280701754386,0.5974801947533885,0.5527631578947368,0.0795175438596491
cnn,0.0002,secondary,21,GesturePebbleZ1,6,1,0.0930232558139534,0.0464785151284007,0.1962209302325581,-0.1031976744186046
cnn,0.0002,secondary,21,GesturePebbleZ2,10,10,0.3734177215189873,0.2979066207424416,0.2041139240506329,0.1693037974683544
cnn,0.0002,secondary,21,InsectWingbeatSound,10,10,0.2065656565656565,0.1089302728282364,0.1378787878787878,0.0686868686868687
cnn,0.0002,secondary,21,ItalyPowerDemand,6,1,0.5014577259475219,0.3339805825242718,0.7742954324586978,-0.2728377065111759
cnn,0.0002,secondary,21,Lightning2,8,3,0.5409836065573771,0.351063829787234,0.5389344262295082,0.0020491803278689
cnn,0.0002,secondary,21,Lightning7,7,2,0.136986301369863,0.0344234079173838,0.2482876712328767,-0.1113013698630137
cnn,0.0002,secondary,21,MoteStrain,9,4,0.5391373801916933,0.3502854177477945,0.4822284345047923,0.056908945686901
cnn,0.0002,secondary,21,Phoneme,6,1,0.0221518987341772,0.0011113757243788,0.0673786919831223,-0.045226793248945
cnn,0.0002,secondary,21,PickupGestureWiimoteZ,10,10,0.1,0.0525714285714285,0.1325,-0.0325
cnn,0.0002,secondary,21,Plane,10,10,0.419047619047619,0.2601242236024845,0.2273809523809523,0.1916666666666667
cnn,0.0002,secondary,21,ShakeGestureWiimoteZ,10,10,0.1,0.0344827586206896,0.185,-0.0849999999999999
cnn,0.0002,secondary,21,SonyAIBORobotSurface1,10,10,0.4459234608985025,0.33221553769307,0.8217554076539102,-0.3758319467554077
cnn,0.0002,secondary,21,SonyAIBORobotSurface2,10,8,0.6169989506820567,0.381570408825438,0.5422350472193075,0.0747639034627491
cnn,0.0002,secondary,21,StarLightCurves,10,6,0.9371053909664886,0.9170178849946088,0.4043224866440019,0.5327829043224868
cnn,0.0002,secondary,21,Trace,6,1,0.33,0.1812629399585921,0.2925,0.0375
cnn,0.0002,secondary,21,Wafer,10,10,0.991888384166126,0.978502273932089,0.8087280986372485,0.1831602855288774
cnn,0.0002,secondary,42,AllGestureWiimoteX,10,10,0.3028571428571429,0.2752075928553378,0.1910714285714285,0.1117857142857143
cnn,0.0002,secondary,42,AllGestureWiimoteY,10,10,0.3928571428571428,0.3519283129727948,0.1935714285714285,0.1992857142857143
cnn,0.0002,secondary,42,AllGestureWiimoteZ,10,10,0.3585714285714286,0.3192480676004182,0.21625,0.1423214285714286
cnn,0.0002,secondary,42,Car,9,4,0.2333333333333333,0.0945945945945946,0.25,-0.0166666666666666
cnn,0.0002,secondary,42,ChlorineConcentration,10,9,0.4276041666666667,0.413983750954318,0.2523763020833333,0.1752278645833334
cnn,0.0002,secondary,42,CinCECGTorso,10,6,0.2550724637681159,0.1662968099861304,0.2730978260869565,-0.0180253623188405
cnn,0.0002,secondary,42,DodgerLoopDay,6,1,0.15,0.0372670807453416,0.1671875,-0.0171874999999999
cnn,0.0002,secondary,42,DodgerLoopGame,8,3,0.4782608695652174,0.3235294117647059,0.5253623188405797,-0.0471014492753623
cnn,0.0002,secondary,42,DodgerLoopWeekend,6,1,0.7391304347826086,0.425,0.2608695652173913,0.4782608695652173
cnn,0.0002,secondary,42,Earthquakes,10,10,0.6474820143884892,0.6082254817371298,0.6528776978417267,-0.0053956834532374
cnn,0.0002,secondary,42,FordA,10,9,0.9401515151515152,0.9401044553485836,0.9327651515151516,0.0073863636363635
cnn,0.0002,secondary,42,FordB,10,9,0.8209876543209876,0.8209742840114564,0.7816358024691358,0.0393518518518518
cnn,0.0002,secondary,42,FreezerRegularTrain,6,1,0.5045614035087719,0.4028955160631522,0.5253070175438597,-0.0207456140350877
cnn,0.0002,secondary,42,FreezerSmallTrain,6,1,0.5045614035087719,0.3606897090774372,0.5527631578947368,-0.0482017543859649
cnn,0.0002,secondary,42,GesturePebbleZ1,6,1,0.1627906976744186,0.0558712121212121,0.1962209302325581,-0.0334302325581394
cnn,0.0002,secondary,42,GesturePebbleZ2,10,10,0.2911392405063291,0.2175213675213675,0.2041139240506329,0.0870253164556962
cnn,0.0002,secondary,42,InsectWingbeatSound,7,2,0.0944444444444444,0.0291298500876763,0.1378787878787878,-0.0434343434343433
cnn,0.0002,secondary,42,ItalyPowerDemand,10,10,0.9251700680272108,0.9251630002049605,0.7742954324586978,0.1508746355685131
cnn,0.0002,secondary,42,Lightning2,10,5,0.5409836065573771,0.381159420289855,0.5389344262295082,0.0020491803278689
cnn,0.0002,secondary,42,Lightning7,10,10,0.1917808219178082,0.0938155433365455,0.2482876712328767,-0.0565068493150685
cnn,0.0002,secondary,42,MoteStrain,10,10,0.6198083067092651,0.5186280116443247,0.4822284345047923,0.1375798722044728
cnn,0.0002,secondary,42,Phoneme,6,1,0.0253164556962025,0.0047358001557699,0.0673786919831223,-0.0420622362869197
cnn,0.0002,secondary,42,PickupGestureWiimoteZ,10,10,0.18,0.108076923076923,0.1325,0.0474999999999999
cnn,0.0002,secondary,42,Plane,6,1,0.1142857142857142,0.0293040293040293,0.2273809523809523,-0.113095238095238
cnn,0.0002,secondary,42,ShakeGestureWiimoteZ,10,8,0.14,0.076214108472173,0.185,-0.0449999999999999
cnn,0.0002,secondary,42,SonyAIBORobotSurface1,10,5,0.4292845257903494,0.3003492433061699,0.8217554076539102,-0.3924708818635607
cnn,0.0002,secondary,42,SonyAIBORobotSurface2,10,10,0.8006295907660022,0.8001011251832617,0.5422350472193075,0.2583945435466946
cnn,0.0002,secondary,42,StarLightCurves,10,10,0.9203496843127732,0.8993553583831385,0.4043224866440019,0.5160271976687714
cnn,0.0002,secondary,42,Trace,7,2,0.31,0.2238095238095238,0.2925,0.0175
cnn,0.0002,secondary,42,Wafer,10,10,0.990590525632706,0.975461271429999,0.8087280986372485,0.1818624269954575
cnn,0.0002,secondary,63,AllGestureWiimoteX,10,10,0.3114285714285714,0.2837039383621567,0.1910714285714285,0.1203571428571429
cnn,0.0002,secondary,63,AllGestureWiimoteY,10,10,0.3257142857142857,0.2962948502049896,0.1935714285714285,0.1321428571428572
cnn,0.0002,secondary,63,AllGestureWiimoteZ,10,10,0.3071428571428571,0.2408562025844678,0.21625,0.0908928571428571
cnn,0.0002,secondary,63,Car,7,2,0.3166666666666666,0.120253164556962,0.25,0.0666666666666666
cnn,0.0002,secondary,63,ChlorineConcentration,10,9,0.4083333333333333,0.4076749893203369,0.2523763020833333,0.15595703125
cnn,0.0002,secondary,63,CinCECGTorso,6,1,0.2579710144927536,0.1159281250602115,0.2730978260869565,-0.0151268115942028
cnn,0.0002,secondary,63,DodgerLoopDay,7,2,0.25,0.1501569858712716,0.1671875,0.0828125
cnn,0.0002,secondary,63,DodgerLoopGame,10,6,0.4565217391304347,0.3918561607615018,0.5253623188405797,-0.0688405797101449
cnn,0.0002,secondary,63,DodgerLoopWeekend,6,1,0.7391304347826086,0.425,0.2608695652173913,0.4782608695652173
cnn,0.0002,secondary,63,Earthquakes,10,8,0.6402877697841727,0.5133053221288515,0.6528776978417267,-0.0125899280575539
cnn,0.0002,secondary,63,FordA,10,7,0.937878787878788,0.937869659454098,0.9327651515151516,0.0051136363636362
cnn,0.0002,secondary,63,FordB,10,9,0.8098765432098766,0.8097605612322709,0.7816358024691358,0.0282407407407407
cnn,0.0002,secondary,63,FreezerRegularTrain,6,1,0.5,0.3333333333333333,0.5253070175438597,-0.0253070175438596
cnn,0.0002,secondary,63,FreezerSmallTrain,10,9,0.6487719298245614,0.6205696383092396,0.5527631578947368,0.0960087719298246
cnn,0.0002,secondary,63,GesturePebbleZ1,6,1,0.1627906976744186,0.0987349778621125,0.1962209302325581,-0.0334302325581394
cnn,0.0002,secondary,63,GesturePebbleZ2,6,1,0.1835443037974683,0.0632725749004818,0.2041139240506329,-0.0205696202531645
cnn,0.0002,secondary,63,InsectWingbeatSound,6,1,0.0909090909090909,0.0151515151515151,0.1378787878787878,-0.0469696969696968
cnn,0.0002,secondary,63,ItalyPowerDemand,6,1,0.4684159378036929,0.3370883912766451,0.7742954324586978,-0.3058794946550049
cnn,0.0002,secondary,63,Lightning2,9,4,0.5409836065573771,0.351063829787234,0.5389344262295082,0.0020491803278689
cnn,0.0002,secondary,63,Lightning7,10,10,0.1095890410958904,0.0546536796536796,0.2482876712328767,-0.1386986301369863
cnn,0.0002,secondary,63,MoteStrain,7,2,0.4608626198083067,0.3154729360306178,0.4822284345047923,-0.0213658146964855
cnn,0.0002,secondary,63,Phoneme,10,10,0.0843881856540084,0.0498548047434483,0.0673786919831223,0.0170094936708861
cnn,0.0002,secondary,63,PickupGestureWiimoteZ,10,10,0.08,0.0308148148148148,0.1325,-0.0525
cnn,0.0002,secondary,63,Plane,6,1,0.0761904761904762,0.0213618157543391,0.2273809523809523,-0.1511904761904761
cnn,0.0002,secondary,63,ShakeGestureWiimoteZ,10,10,0.1,0.0277777777777777,0.185,-0.0849999999999999
cnn,0.0002,secondary,63,SonyAIBORobotSurface1,8,3,0.4625623960066555,0.3626053579461316,0.8217554076539102,-0.3591930116472546
cnn,0.0002,secondary,63,SonyAIBORobotSurface2,10,10,0.8457502623294858,0.840303545352261,0.5422350472193075,0.3035152151101783
cnn,0.0002,secondary,63,StarLightCurves,10,9,0.8057309373482273,0.7942637394651882,0.4043224866440019,0.4014084507042254
cnn,0.0002,secondary,63,Trace,8,3,0.38,0.261501210653753,0.2925,0.0875
cnn,0.0002,secondary,63,Wafer,10,10,0.9902660609993512,0.9745474365750528,0.8087280986372485,0.1815379623621026
cnn,0.0002,secondary,84,AllGestureWiimoteX,10,10,0.3342857142857143,0.3081918162917737,0.1910714285714285,0.1432142857142858
cnn,0.0002,secondary,84,AllGestureWiimoteY,10,10,0.37,0.3540060050996271,0.1935714285714285,0.1764285714285715
cnn,0.0002,secondary,84,AllGestureWiimoteZ,10,10,0.3414285714285714,0.3044836198295024,0.21625,0.1251785714285714
cnn,0.0002,secondary,84,Car,6,1,0.3166666666666666,0.120253164556962,0.25,0.0666666666666666
cnn,0.0002,secondary,84,ChlorineConcentration,10,10,0.45546875,0.4268710315155413,0.2523763020833333,0.2030924479166667
cnn,0.0002,secondary,84,CinCECGTorso,10,5,0.2884057971014492,0.1660812246232981,0.2730978260869565,0.0153079710144927
cnn,0.0002,secondary,84,DodgerLoopDay,6,1,0.1375,0.0345368916797488,0.1671875,-0.0296874999999999
cnn,0.0002,secondary,84,DodgerLoopGame,8,3,0.5434782608695652,0.3913043478260869,0.5253623188405797,0.0181159420289854
cnn,0.0002,secondary,84,DodgerLoopWeekend,10,10,0.7391304347826086,0.425,0.2608695652173913,0.4782608695652173
cnn,0.0002,secondary,84,Earthquakes,6,1,0.7482014388489209,0.4279835390946502,0.6528776978417267,0.0953237410071942
cnn,0.0002,secondary,84,FordA,10,10,0.9401515151515152,0.9401226142783564,0.9327651515151516,0.0073863636363635
cnn,0.0002,secondary,84,FordB,10,10,0.8037037037037037,0.8030405679234001,0.7816358024691358,0.0220679012345679
cnn,0.0002,secondary,84,FreezerRegularTrain,6,1,0.5,0.3333333333333333,0.5253070175438597,-0.0253070175438596
cnn,0.0002,secondary,84,FreezerSmallTrain,10,5,0.7540350877192983,0.7526008273758451,0.5527631578947368,0.2012719298245614
cnn,0.0002,secondary,84,GesturePebbleZ1,6,1,0.3255813953488372,0.2808786672563762,0.1962209302325581,0.1293604651162791
cnn,0.0002,secondary,84,GesturePebbleZ2,10,10,0.4050632911392405,0.3486724678564452,0.2041139240506329,0.2009493670886076
cnn,0.0002,secondary,84,InsectWingbeatSound,6,1,0.0974747474747474,0.0235145499661628,0.1378787878787878,-0.0404040404040403
cnn,0.0002,secondary,84,ItalyPowerDemand,6,1,0.5014577259475219,0.3339805825242718,0.7742954324586978,-0.2728377065111759
cnn,0.0002,secondary,84,Lightning2,7,2,0.6885245901639344,0.6854816824966079,0.5389344262295082,0.1495901639344262
cnn,0.0002,secondary,84,Lightning7,10,10,0.2328767123287671,0.1979609339447614,0.2482876712328767,-0.0154109589041095
cnn,0.0002,secondary,84,MoteStrain,10,10,0.5503194888178914,0.382281054601063,0.4822284345047923,0.068091054313099
cnn,0.0002,secondary,84,Phoneme,10,10,0.0632911392405063,0.0308362575324671,0.0673786919831223,-0.0040875527426159
cnn,0.0002,secondary,84,PickupGestureWiimoteZ,10,10,0.12,0.0444444444444444,0.1325,-0.0125
cnn,0.0002,secondary,84,Plane,8,3,0.0952380952380952,0.0248447204968944,0.2273809523809523,-0.132142857142857
cnn,0.0002,secondary,84,ShakeGestureWiimoteZ,10,10,0.14,0.0640522875816993,0.185,-0.0449999999999999
cnn,0.0002,secondary,84,SonyAIBORobotSurface1,10,7,0.4292845257903494,0.3003492433061699,0.8217554076539102,-0.3924708818635607
cnn,0.0002,secondary,84,SonyAIBORobotSurface2,10,10,0.4050367261280168,0.3159014170632494,0.5422350472193075,-0.1371983210912907
cnn,0.0002,secondary,84,StarLightCurves,10,8,0.947425934919864,0.9223836543425246,0.4043224866440019,0.5431034482758621
cnn,0.0002,secondary,84,Trace,8,3,0.32,0.202020202020202,0.2925,0.0275
cnn,0.0002,secondary,84,Wafer,10,10,0.9904282933160286,0.974684201641772,0.8087280986372485,0.18170019467878
cnn,0.0002,secondary,105,AllGestureWiimoteX,10,10,0.3228571428571428,0.28822425963699,0.1910714285714285,0.1317857142857143
cnn,0.0002,secondary,105,AllGestureWiimoteY,10,10,0.35,0.3354096619949663,0.1935714285714285,0.1564285714285714
cnn,0.0002,secondary,105,AllGestureWiimoteZ,10,10,0.28,0.2346868772581359,0.21625,0.06375
cnn,0.0002,secondary,105,Car,6,1,0.2166666666666666,0.0890410958904109,0.25,-0.0333333333333333
cnn,0.0002,secondary,105,ChlorineConcentration,10,10,0.51171875,0.4515874187894336,0.2523763020833333,0.2593424479166667
cnn,0.0002,secondary,105,CinCECGTorso,6,1,0.2630434782608695,0.1752992321589882,0.2730978260869565,-0.0100543478260869
cnn,0.0002,secondary,105,DodgerLoopDay,6,1,0.15,0.0413080895008605,0.1671875,-0.0171874999999999
cnn,0.0002,secondary,105,DodgerLoopGame,7,2,0.6304347826086957,0.6260162601626016,0.5253623188405797,0.1050724637681159
cnn,0.0002,secondary,105,DodgerLoopWeekend,8,3,0.7391304347826086,0.425,0.2608695652173913,0.4782608695652173
cnn,0.0002,secondary,105,Earthquakes,10,6,0.6762589928057554,0.5820247243568326,0.6528776978417267,0.0233812949640287
cnn,0.0002,secondary,105,FordA,10,10,0.943939393939394,0.9439238172219556,0.9327651515151516,0.0111742424242423
cnn,0.0002,secondary,105,FordB,10,9,0.7975308641975308,0.7960937931711989,0.7816358024691358,0.015895061728395
cnn,0.0002,secondary,105,FreezerRegularTrain,6,1,0.6052631578947368,0.5932898824222457,0.5253070175438597,0.0799561403508771
cnn,0.0002,secondary,105,FreezerSmallTrain,7,2,0.5,0.3333333333333333,0.5527631578947368,-0.0527631578947368
cnn,0.0002,secondary,105,GesturePebbleZ1,10,10,0.2965116279069767,0.2405611165619706,0.1962209302325581,0.1002906976744186
cnn,0.0002,secondary,105,GesturePebbleZ2,10,10,0.3227848101265823,0.2581344274005183,0.2041139240506329,0.1186708860759493
cnn,0.0002,secondary,105,InsectWingbeatSound,6,1,0.0868686868686868,0.0256352623833453,0.1378787878787878,-0.0510101010101009
cnn,0.0002,secondary,105,ItalyPowerDemand,6,1,0.4985422740524781,0.3326848249027237,0.7742954324586978,-0.2757531584062196
cnn,0.0002,secondary,105,Lightning2,10,6,0.5409836065573771,0.351063829787234,0.5389344262295082,0.0020491803278689
cnn,0.0002,secondary,105,Lightning7,10,10,0.1643835616438356,0.065501066098081,0.2482876712328767,-0.0839041095890411
cnn,0.0002,secondary,105,MoteStrain,6,1,0.4568690095846645,0.3148581527180019,0.4822284345047923,-0.0253594249201277
cnn,0.0002,secondary,105,Phoneme,10,10,0.0675105485232067,0.0291136517993119,0.0673786919831223,0.0001318565400844
cnn,0.0002,secondary,105,PickupGestureWiimoteZ,10,10,0.14,0.1096200096200096,0.1325,0.0075
cnn,0.0002,secondary,105,Plane,10,5,0.3142857142857143,0.1797385620915032,0.2273809523809523,0.0869047619047619
cnn,0.0002,secondary,105,ShakeGestureWiimoteZ,10,10,0.14,0.0617391304347826,0.185,-0.0449999999999999
cnn,0.0002,secondary,105,SonyAIBORobotSurface1,10,5,0.4292845257903494,0.3003492433061699,0.8217554076539102,-0.3924708818635607
cnn,0.0002,secondary,105,SonyAIBORobotSurface2,10,10,0.8058761804826863,0.7767932313169332,0.5422350472193075,0.2636411332633788
cnn,0.0002,secondary,105,StarLightCurves,10,10,0.9369839728023313,0.912184151708665,0.4043224866440019,0.5326614861583294
cnn,0.0002,secondary,105,Trace,7,2,0.39,0.2569699192956713,0.2925,0.0975
cnn,0.0002,secondary,105,Wafer,10,9,0.989941596365996,0.9737340353205776,0.8087280986372485,0.1812134977287476
cnn,0.0002,secondary,126,AllGestureWiimoteX,10,10,0.3628571428571429,0.3531695480084311,0.1910714285714285,0.1717857142857143
cnn,0.0002,secondary,126,AllGestureWiimoteY,10,10,0.32,0.2775530241757458,0.1935714285714285,0.1264285714285715
cnn,0.0002,secondary,126,AllGestureWiimoteZ,10,10,0.3357142857142857,0.2857350609975103,0.21625,0.1194642857142856
cnn,0.0002,secondary,126,Car,7,2,0.3166666666666666,0.1357142857142857,0.25,0.0666666666666666
cnn,0.0002,secondary,126,ChlorineConcentration,10,10,0.4877604166666666,0.4429470790645021,0.2523763020833333,0.2353841145833333
cnn,0.0002,secondary,126,CinCECGTorso,10,10,0.3550724637681159,0.2437519002736394,0.2730978260869565,0.0819746376811594
cnn,0.0002,secondary,126,DodgerLoopDay,7,2,0.1375,0.0345368916797488,0.1671875,-0.0296874999999999
cnn,0.0002,secondary,126,DodgerLoopGame,7,2,0.4782608695652174,0.3235294117647059,0.5253623188405797,-0.0471014492753623
cnn,0.0002,secondary,126,DodgerLoopWeekend,9,4,0.2608695652173913,0.2068965517241379,0.2608695652173913,0.0
cnn,0.0002,secondary,126,Earthquakes,10,9,0.5611510791366906,0.542590494686303,0.6528776978417267,-0.091726618705036
cnn,0.0002,secondary,126,FordA,10,10,0.9386363636363636,0.93862618398024,0.9327651515151516,0.0058712121212119
cnn,0.0002,secondary,126,FordB,10,10,0.8111111111111111,0.8102361903303603,0.7816358024691358,0.0294753086419753
cnn,0.0002,secondary,126,FreezerRegularTrain,7,2,0.6992982456140351,0.6863530543930798,0.5253070175438597,0.1739912280701754
cnn,0.0002,secondary,126,FreezerSmallTrain,7,2,0.7575438596491229,0.7574016607333642,0.5527631578947368,0.204780701754386
cnn,0.0002,secondary,126,GesturePebbleZ1,6,1,0.1569767441860465,0.0452261306532663,0.1962209302325581,-0.0392441860465115
cnn,0.0002,secondary,126,GesturePebbleZ2,7,2,0.1835443037974683,0.0516934046345811,0.2041139240506329,-0.0205696202531645
cnn,0.0002,secondary,126,InsectWingbeatSound,6,1,0.0853535353535353,0.0167694266364814,0.1378787878787878,-0.0525252525252524
cnn,0.0002,secondary,126,ItalyPowerDemand,6,1,0.4985422740524781,0.3326848249027237,0.7742954324586978,-0.2757531584062196
cnn,0.0002,secondary,126,Lightning2,10,6,0.5409836065573771,0.351063829787234,0.5389344262295082,0.0020491803278689
cnn,0.0002,secondary,126,Lightning7,7,2,0.3424657534246575,0.1878371397335319,0.2482876712328767,0.0941780821917808
cnn,0.0002,secondary,126,MoteStrain,9,4,0.4616613418530351,0.3171248041640231,0.4822284345047923,-0.0205670926517571
cnn,0.0002,secondary,126,Phoneme,10,10,0.0859704641350211,0.0423185723696587,0.0673786919831223,0.0185917721518988
cnn,0.0002,secondary,126,PickupGestureWiimoteZ,10,6,0.1,0.04366576819407,0.1325,-0.0325
cnn,0.0002,secondary,126,Plane,6,1,0.2,0.0476190476190476,0.2273809523809523,-0.0273809523809522
cnn,0.0002,secondary,126,ShakeGestureWiimoteZ,10,10,0.1,0.02,0.185,-0.0849999999999999
cnn,0.0002,secondary,126,SonyAIBORobotSurface1,10,6,0.4292845257903494,0.3003492433061699,0.8217554076539102,-0.3924708818635607
cnn,0.0002,secondary,126,SonyAIBORobotSurface2,10,8,0.6673662119622246,0.583323333678149,0.5422350472193075,0.125131164742917
cnn,0.0002,secondary,126,StarLightCurves,10,6,0.8726323457989316,0.8522246020785351,0.4043224866440019,0.4683098591549297
cnn,0.0002,secondary,126,Trace,6,1,0.49,0.3526777206022489,0.2925,0.1975
cnn,0.0002,secondary,126,Wafer,10,10,0.9928617780661908,0.981433734939759,0.8087280986372485,0.1841336794289423
cnn,0.0002,secondary,147,AllGestureWiimoteX,10,10,0.3385714285714286,0.3075903351344104,0.1910714285714285,0.1475
cnn,0.0002,secondary,147,AllGestureWiimoteY,10,10,0.3614285714285714,0.3240097114056308,0.1935714285714285,0.1678571428571429
cnn,0.0002,secondary,147,AllGestureWiimoteZ,10,10,0.3128571428571428,0.2691316379588129,0.21625,0.0966071428571428
cnn,0.0002,secondary,147,Car,7,2,0.2166666666666666,0.0890410958904109,0.25,-0.0333333333333333
cnn,0.0002,secondary,147,ChlorineConcentration,10,10,0.4536458333333333,0.4239617649949027,0.2523763020833333,0.20126953125
cnn,0.0002,secondary,147,CinCECGTorso,6,1,0.2536231884057971,0.1109398121288371,0.2730978260869565,-0.0194746376811593
cnn,0.0002,secondary,147,DodgerLoopDay,7,2,0.2,0.1130537186339342,0.1671875,0.0328125
cnn,0.0002,secondary,147,DodgerLoopGame,6,1,0.4130434782608695,0.4039989336177019,0.5253623188405797,-0.1123188405797101
cnn,0.0002,secondary,147,DodgerLoopWeekend,6,1,0.3478260869565217,0.3389397487758143,0.2608695652173913,0.0869565217391304
cnn,0.0002,secondary,147,Earthquakes,10,7,0.539568345323741,0.5288135593220339,0.6528776978417267,-0.1133093525179856
cnn,0.0002,secondary,147,FordA,10,7,0.937878787878788,0.9378216911764704,0.9327651515151516,0.0051136363636362
cnn,0.0002,secondary,147,FordB,10,6,0.8135802469135802,0.8134776183817036,0.7816358024691358,0.0319444444444444
cnn,0.0002,secondary,147,FreezerRegularTrain,6,1,0.7543859649122807,0.752631774727523,0.5253070175438597,0.229078947368421
cnn,0.0002,secondary,147,FreezerSmallTrain,9,4,0.604561403508772,0.5674301625192333,0.5527631578947368,0.0517982456140351
cnn,0.0002,secondary,147,GesturePebbleZ1,6,1,0.2151162790697674,0.107128453317201,0.1962209302325581,0.0188953488372093
cnn,0.0002,secondary,147,GesturePebbleZ2,6,1,0.2341772151898734,0.1595922854325298,0.2041139240506329,0.0300632911392405
cnn,0.0002,secondary,147,InsectWingbeatSound,6,1,0.0909090909090909,0.0151515151515151,0.1378787878787878,-0.0469696969696968
cnn,0.0002,secondary,147,ItalyPowerDemand,7,2,0.4820213799805636,0.3333005123716791,0.7742954324586978,-0.2922740524781341
cnn,0.0002,secondary,147,Lightning2,8,3,0.5737704918032787,0.5378787878787878,0.5389344262295082,0.0348360655737705
cnn,0.0002,secondary,147,Lightning7,7,2,0.136986301369863,0.0344234079173838,0.2482876712328767,-0.1113013698630137
cnn,0.0002,secondary,147,MoteStrain,9,4,0.547923322683706,0.3796988795518207,0.4822284345047923,0.0656948881789137
cnn,0.0002,secondary,147,Phoneme,10,10,0.0606540084388185,0.0245891800224244,0.0673786919831223,-0.0067246835443037
cnn,0.0002,secondary,147,PickupGestureWiimoteZ,10,10,0.22,0.1297996121525533,0.1325,0.0875
cnn,0.0002,secondary,147,Plane,7,2,0.2,0.0476190476190476,0.2273809523809523,-0.0273809523809522
cnn,0.0002,secondary,147,ShakeGestureWiimoteZ,10,10,0.24,0.1782539682539682,0.185,0.0549999999999999
cnn,0.0002,secondary,147,SonyAIBORobotSurface1,10,5,0.4292845257903494,0.3003492433061699,0.8217554076539102,-0.3924708818635607
cnn,0.0002,secondary,147,SonyAIBORobotSurface2,10,10,0.633788037775446,0.4275685211479713,0.5422350472193075,0.0915529905561385
cnn,0.0002,secondary,147,StarLightCurves,10,8,0.948761534725595,0.930078390075484,0.4043224866440019,0.544439048081593
cnn,0.0002,secondary,147,Trace,7,2,0.46,0.2995629370629371,0.2925,0.1675
cnn,0.0002,secondary,147,Wafer,10,10,0.9883192731992212,0.968958987994521,0.8087280986372485,0.1795911745619728
lstm,0.001617,primary,7,AllGestureWiimoteX,10,9,0.30142857142857143,0.24897414056102965,0.1396428571428571,0.16178571428571434
lstm,0.001617,primary,7,AllGestureWiimoteY,10,10,0.26857142857142857,0.2219811737874081,0.165,0.10357142857142856
lstm,0.001617,primary,7,AllGestureWiimoteZ,10,10,0.18857142857142858,0.1298126226884513,0.1523214285714285,0.03625000000000009
lstm,0.001617,primary,7,Car,10,9,0.21666666666666667,0.08904109589041095,0.2416666666666666,-0.02499999999999994
lstm,0.001617,primary,7,ChlorineConcentration,10,6,0.23072916666666668,0.12498236704753844,0.3520833333333333,-0.12135416666666662
lstm,0.001617,primary,7,CinCECGTorso,6,1,0.25,0.1,0.2831521739130435,-0.03315217391304348
lstm,0.001617,primary,7,DodgerLoopDay,10,5,0.1375,0.03453689167974882,0.1671875,-0.029687499999999978
lstm,0.001617,primary,7,DodgerLoopGame,10,6,0.4782608695652174,0.3235294117647059,0.473731884057971,0.004528985507246397
lstm,0.001617,primary,7,DodgerLoopWeekend,10,10,0.2608695652173913,0.20689655172413793,0.6711956521739131,-0.4103260869565218
lstm,0.001617,primary,7,Earthquakes,7,2,0.7482014388489209,0.4279835390946502,0.6151079136690647,0.13309352517985618
lstm,0.001617,primary,7,FordA,10,9,0.9030303030303031,0.9030247374160593,0.715814393939394,0.18721590909090913
lstm,0.001617,primary,7,FordB,10,10,0.7209876543209877,0.7186393370057054,0.6385802469135803,0.08240740740740737
lstm,0.001617,primary,7,FreezerRegularTrain,10,10,0.7624561403508772,0.762452601633093,0.6873684210526315,0.07508771929824565
lstm,0.001617,primary,7,FreezerSmallTrain,10,10,0.6557894736842105,0.6311217968973779,0.6017543859649123,0.054035087719298214
lstm,0.001617,primary,7,GesturePebbleZ1,10,7,0.29651162790697677,0.20059187516814636,0.2347383720930232,0.06177325581395357
lstm,0.001617,primary,7,GesturePebbleZ2,10,7,0.25316455696202533,0.22755157436653897,0.2120253164556962,0.04113924050632914
lstm,0.001617,primary,7,InsectWingbeatSound,10,10,0.14242424242424243,0.05423253514857251,0.1147727272727272,0.02765151515151522
lstm,0.001617,primary,7,ItalyPowerDemand,10,10,0.7434402332361516,0.7424124041357234,0.5949951409135082,0.14844509232264336
lstm,0.001617,primary,7,Lightning2,10,10,0.6229508196721312,0.6019858156028368,0.5389344262295082,0.08401639344262302
lstm,0.001617,primary,7,Lightning7,10,9,0.3424657534246575,0.13876213876213878,0.1900684931506849,0.15239726027397263
lstm,0.001617,primary,7,MoteStrain,6,1,0.46086261980830673,0.3154729360306178,0.5943490415335463,-0.13348642172523956
lstm,0.001617,primary,7,Phoneme,6,1,0.04746835443037975,0.0023239600278875203,0.0372494725738396,0.01021888185654015
lstm,0.001617,primary,7,PickupGestureWiimoteZ,10,10,0.16,0.06459627329192547,0.095,0.065
lstm,0.001617,primary,7,Plane,10,9,0.2857142857142857,0.19154553049289894,0.2964285714285714,-0.010714285714285676
lstm,0.001617,primary,7,ShakeGestureWiimoteZ,10,10,0.14,0.04449760765550239,0.12,0.020000000000000018
lstm,0.001617,primary,7,SonyAIBORobotSurface1,10,10,0.4509151414309484,0.34148139293967644,0.6295757071547421,-0.17866056572379369
lstm,0.001617,primary,7,SonyAIBORobotSurface2,10,10,0.7135362014690452,0.6172437382765089,0.6382476390346274,0.07528856243441773
lstm,0.001617,primary,7,StarLightCurves,10,10,0.8064594463331715,0.7471274474100486,0.7347771976687713,0.0716822486644002
lstm,0.001617,primary,7,Trace,10,10,0.56,0.39810924369747897,0.355,0.20500000000000007
lstm,0.001617,primary,7,Wafer,6,1,0.8921155094094744,0.4714910400411558,0.8539097988319273,0.03820571057754707
lstm,0.001617,primary,21,AllGestureWiimoteX,10,10,0.24714285714285714,0.2148953180881586,0.1396428571428571,0.10750000000000004
lstm,0.001617,primary,21,AllGestureWiimoteY,10,10,0.2957142857142857,0.2454555886267845,0.165,0.1307142857142857
lstm,0.001617,primary,21,AllGestureWiimoteZ,10,9,0.22142857142857142,0.17906949163142333,0.1523214285714285,0.06910714285714292
lstm,0.001617,primary,21,Car,9,4,0.21666666666666667,0.08904109589041095,0.2416666666666666,-0.02499999999999994
lstm,0.001617,primary,21,ChlorineConcentration,8,3,0.5325520833333334,0.2316624185783064,0.3520833333333333,0.18046875000000007
lstm,0.001617,primary,21,CinCECGTorso,6,1,0.25,0.10329341317365269,0.2831521739130435,-0.03315217391304348
lstm,0.001617,primary,21,DodgerLoopDay,6,1,0.1625,0.039938556067588324,0.1671875,-0.004687499999999983
lstm,0.001617,primary,21,DodgerLoopGame,6,1,0.5217391304347826,0.34285714285714286,0.473731884057971,0.048007246376811585
lstm,0.001617,primary,21,DodgerLoopWeekend,10,10,0.7391304347826086,0.425,0.6711956521739131,0.06793478260869557
lstm,0.001617,primary,21,Earthquakes,10,5,0.2517985611510791,0.20114942528735633,0.6151079136690647,-0.3633093525179856
lstm,0.001617,primary,21,FordA,10,8,0.8992424242424243,0.898625180521206,0.715814393939394,0.18342803030303034
lstm,0.001617,primary,21,FordB,10,10,0.8185185185185185,0.8174139858402683,0.6385802469135803,0.17993827160493825
lstm,0.001617,primary,21,FreezerRegularTrain,10,7,0.7424561403508771,0.7400887318854805,0.6873684210526315,0.05508771929824563
lstm,0.001617,primary,21,FreezerSmallTrain,10,10,0.6280701754385964,0.5906202300006939,0.6017543859649123,0.02631578947368418
lstm,0.001617,primary,21,GesturePebbleZ1,6,1,0.23837209302325582,0.12203839869281045,0.2347383720930232,0.00363372093023262
lstm,0.001617,primary,21,GesturePebbleZ2,10,10,0.3037974683544304,0.24495020230314346,0.2120253164556962,0.0917721518987342
lstm,0.001617,primary,21,InsectWingbeatSound,10,10,0.11363636363636363,0.051633313353260005,0.1147727272727272,-0.0011363636363635743
lstm,0.001617,primary,21,ItalyPowerDemand,6,1,0.5607385811467445,0.5374269005847954,0.5949951409135082,-0.03425655976676378
lstm,0.001617,primary,21,Lightning2,10,10,0.6721311475409836,0.6713362068965517,0.5389344262295082,0.13319672131147542
lstm,0.001617,primary,21,Lightning7,10,10,0.273972602739726,0.13504215083162452,0.1900684931506849,0.08390410958904113
lstm,0.001617,primary,21,MoteStrain,6,1,0.46086261980830673,0.3154729360306178,0.5943490415335463,-0.13348642172523956
lstm,0.001617,primary,21,Phoneme,6,1,0.004746835443037975,0.001026007620592555,0.0372494725738396,-0.03250263713080163
lstm,0.001617,primary,21,PickupGestureWiimoteZ,10,10,0.12,0.06,0.095,0.024999999999999994
lstm,0.001617,primary,21,Plane,10,9,0.17142857142857143,0.07285307285307285,0.2964285714285714,-0.12499999999999994
lstm,0.001617,primary,21,ShakeGestureWiimoteZ,10,10,0.1,0.01886792452830189,0.12,-0.01999999999999999
lstm,0.001617,primary,21,SonyAIBORobotSurface1,10,10,0.4292845257903494,0.30034924330616997,0.6295757071547421,-0.20029118136439267
lstm,0.001617,primary,21,SonyAIBORobotSurface2,10,10,0.646379853095488,0.465882689470857,0.6382476390346274,0.00813221406086051
lstm,0.001617,primary,21,StarLightCurves,10,10,0.758135016998543,0.7317568793790006,0.7347771976687713,0.023357819329771767
lstm,0.001617,primary,21,Trace,10,10,0.48,0.3207686622320769,0.355,0.125
lstm,0.001617,primary,21,Wafer,7,2,0.8921155094094744,0.4714910400411558,0.8539097988319273,0.03820571057754707
lstm,0.001617,primary,42,AllGestureWiimoteX,10,10,0.26285714285714284,0.21016723759825454,0.1396428571428571,0.12321428571428575
lstm,0.001617,primary,42,AllGestureWiimoteY,10,9,0.26857142857142857,0.2090991159242482,0.165,0.10357142857142856
lstm,0.001617,primary,42,AllGestureWiimoteZ,10,10,0.23857142857142857,0.17112399536692574,0.1523214285714285,0.08625000000000008
lstm,0.001617,primary,42,Car,6,1,0.31666666666666665,0.12025316455696203,0.2416666666666666,0.07500000000000004
lstm,0.001617,primary,42,ChlorineConcentration,10,5,0.5325520833333334,0.23221484131039571,0.3520833333333333,0.18046875000000007
lstm,0.001617,primary,42,CinCECGTorso,8,3,0.2833333333333333,0.1602418167570969,0.2831521739130435,0.00018115942028984477
lstm,0.001617,primary,42,DodgerLoopDay,6,1,0.1375,0.03453689167974882,0.1671875,-0.029687499999999978
lstm,0.001617,primary,42,DodgerLoopGame,10,10,0.5217391304347826,0.34285714285714286,0.473731884057971,0.048007246376811585
lstm,0.001617,primary,42,DodgerLoopWeekend,10,10,0.7536231884057971,0.5403605015673981,0.6711956521739131,0.08242753623188404
lstm,0.001617,primary,42,Earthquakes,7,2,0.7482014388489209,0.4279835390946502,0.6151079136690647,0.13309352517985618
lstm,0.001617,primary,42,FordA,10,9,0.9068181818181819,0.9064832195668715,0.715814393939394,0.1910037878787879
lstm,0.001617,primary,42,FordB,10,10,0.5901234567901235,0.5108980328250494,0.6385802469135803,-0.04845679012345683
lstm,0.001617,primary,42,FreezerRegularTrain,10,7,0.7652631578947369,0.7651483993840758,0.6873684210526315,0.07789473684210535
lstm,0.001617,primary,42,FreezerSmallTrain,10,10,0.6403508771929824,0.6084918765331137,0.6017543859649123,0.038596491228070184
lstm,0.001617,primary,42,GesturePebbleZ1,10,10,0.2441860465116279,0.17959391231702446,0.2347383720930232,0.009447674418604696
lstm,0.001617,primary,42,GesturePebbleZ2,10,10,0.3860759493670886,0.3177368927368927,0.2120253164556962,0.17405063291139242
lstm,0.001617,primary,42,InsectWingbeatSound,10,10,0.0994949494949495,0.02917053838273034,0.1147727272727272,-0.01527777777777771
lstm,0.001617,primary,42,ItalyPowerDemand,10,10,0.685131195335277,0.6850952093093547,0.5949951409135082,0.09013605442176875
lstm,0.001617,primary,42,Lightning2,10,10,0.7049180327868853,0.702922077922078,0.5389344262295082,0.1659836065573771
lstm,0.001617,primary,42,Lightning7,10,10,0.3013698630136986,0.11038961038961038,0.1900684931506849,0.11130136986301373
lstm,0.001617,primary,42,MoteStrain,10,10,0.8099041533546326,0.8031446540880504,0.5943490415335463,0.21555511182108633
lstm,0.001617,primary,42,Phoneme,6,1,0.019514767932489453,0.0009816016023982915,0.0372494725738396,-0.017734704641350147
lstm,0.001617,primary,42,PickupGestureWiimoteZ,10,10,0.18,0.07031463748290014,0.095,0.08499999999999999
lstm,0.001617,primary,42,Plane,10,10,0.2571428571428571,0.12063492063492064,0.2964285714285714,-0.03928571428571426
lstm,0.001617,primary,42,ShakeGestureWiimoteZ,10,10,0.16,0.0946078431372549,0.12,0.04000000000000001
lstm,0.001617,primary,42,SonyAIBORobotSurface1,10,10,0.47420965058236275,0.38306912681912686,0.6295757071547421,-0.15536605657237934
lstm,0.001617,primary,42,SonyAIBORobotSurface2,10,10,0.7607555089192025,0.7027448533998752,0.6382476390346274,0.12250786988457507
lstm,0.001617,primary,42,StarLightCurves,10,9,0.7865468674113647,0.7490048128296835,0.7347771976687713,0.05176966974259345
lstm,0.001617,primary,42,Trace,10,10,0.39,0.33167157901200456,0.355,0.03500000000000003
lstm,0.001617,primary,42,Wafer,8,3,0.8921155094094744,0.4714910400411558,0.8539097988319273,0.03820571057754707
lstm,0.001617,primary,63,AllGestureWiimoteX,10,9,0.2714285714285714,0.24255217935843545,0.1396428571428571,0.1317857142857143
lstm,0.001617,primary,63,AllGestureWiimoteY,10,10,0.21857142857142858,0.17274671312141968,0.165,0.053571428571428575
lstm,0.001617,primary,63,AllGestureWiimoteZ,10,10,0.23285714285714285,0.17561668339887376,0.1523214285714285,0.08053571428571435
lstm,0.001617,primary,63,Car,6,1,0.23333333333333334,0.0945945945945946,0.2416666666666666,-0.008333333333333276
lstm,0.001617,primary,63,ChlorineConcentration,10,10,0.22916666666666666,0.12429378531073447,0.3520833333333333,-0.12291666666666665
lstm,0.001617,primary,63,CinCECGTorso,6,1,0.24855072463768116,0.1000583430571762,0.2831521739130435,-0.03460144927536232
lstm,0.001617,primary,63,DodgerLoopDay,10,8,0.1625,0.039938556067588324,0.1671875,-0.004687499999999983
lstm,0.001617,primary,63,DodgerLoopGame,6,1,0.4782608695652174,0.3235294117647059,0.473731884057971,0.004528985507246397
lstm,0.001617,primary,63,DodgerLoopWeekend,10,10,0.9202898550724637,0.8957059429749227,0.6711956521739131,0.24909420289855067
lstm,0.001617,primary,63,Earthquakes,6,1,0.7482014388489209,0.4279835390946502,0.6151079136690647,0.13309352517985618
lstm,0.001617,primary,63,FordA,10,10,0.8545454545454545,0.8538040706890544,0.715814393939394,0.13873106060606055
lstm,0.001617,primary,63,FordB,9,4,0.528395061728395,0.39886230290408065,0.6385802469135803,-0.11018518518518527
lstm,0.001617,primary,63,FreezerRegularTrain,10,10,0.7624561403508772,0.7624455823767606,0.6873684210526315,0.07508771929824565
lstm,0.001617,primary,63,FreezerSmallTrain,10,10,0.7028070175438597,0.6920357965409061,0.6017543859649123,0.1010526315789474
lstm,0.001617,primary,63,GesturePebbleZ1,10,10,0.25,0.14473304473304474,0.2347383720930232,0.015261627906976799
lstm,0.001617,primary,63,GesturePebbleZ2,10,10,0.310126582278481,0.22745499047896756,0.2120253164556962,0.0981012658227848
lstm,0.001617,primary,63,InsectWingbeatSound,10,10,0.12828282828282828,0.05501637880172105,0.1147727272727272,0.01351010101010107
lstm,0.001617,primary,63,ItalyPowerDemand,10,9,0.565597667638484,0.49865880442305704,0.5949951409135082,-0.02939747327502429
lstm,0.001617,primary,63,Lightning2,10,10,0.6885245901639344,0.6854816824966079,0.5389344262295082,0.14959016393442626
lstm,0.001617,primary,63,Lightning7,10,10,0.3150684931506849,0.15103501150012777,0.1900684931506849,0.12500000000000003
lstm,0.001617,primary,63,MoteStrain,10,10,0.8186900958466453,0.8157934478612702,0.5943490415335463,0.22434105431309903
lstm,0.001617,primary,63,Phoneme,6,1,0.00949367088607595,0.001085154714150252,0.0372494725738396,-0.027755801687763648
lstm,0.001617,primary,63,PickupGestureWiimoteZ,10,10,0.2,0.1065891472868217,0.095,0.10500000000000001
lstm,0.001617,primary,63,Plane,10,9,0.1619047619047619,0.039812646370023415,0.2964285714285714,-0.13452380952380946
lstm,0.001617,primary,63,ShakeGestureWiimoteZ,10,10,0.1,0.01886792452830189,0.12,-0.01999999999999999
lstm,0.001617,primary,63,SonyAIBORobotSurface1,10,10,0.4442595673876872,0.3290975935828877,0.6295757071547421,-0.1853161397670549
lstm,0.001617,primary,63,SonyAIBORobotSurface2,10,10,0.7334732423924449,0.6547810560423513,0.6382476390346274,0.09522560335781749
lstm,0.001617,primary,63,StarLightCurves,10,6,0.7818115590092278,0.7198784400341697,0.7347771976687713,0.047034361340456576
lstm,0.001617,primary,63,Trace,10,10,0.51,0.3407756626934709,0.355,0.15500000000000003
lstm,0.001617,primary,63,Wafer,10,7,0.8921155094094744,0.4714910400411558,0.8539097988319273,0.03820571057754707
lstm,0.001617,primary,84,AllGestureWiimoteX,10,10,0.23714285714285716,0.1994746837176623,0.1396428571428571,0.09750000000000006
lstm,0.001617,primary,84,AllGestureWiimoteY,10,10,0.27714285714285714,0.2306134525174079,0.165,0.11214285714285713
lstm,0.001617,primary,84,AllGestureWiimoteZ,10,10,0.21428571428571427,0.14829608827064109,0.1523214285714285,0.06196428571428578
lstm,0.001617,primary,84,Car,10,7,0.21666666666666667,0.08904109589041095,0.2416666666666666,-0.02499999999999994
lstm,0.001617,primary,84,ChlorineConcentration,10,9,0.42239583333333336,0.29714783474146816,0.3520833333333333,0.07031250000000006
lstm,0.001617,primary,84,CinCECGTorso,6,1,0.28840579710144926,0.1922063340850766,0.2831521739130435,0.005253623188405776
lstm,0.001617,primary,84,DodgerLoopDay,10,8,0.15,0.037267080745341616,0.1671875,-0.017187499999999994
lstm,0.001617,primary,84,DodgerLoopGame,6,1,0.5217391304347826,0.34285714285714286,0.473731884057971,0.048007246376811585
lstm,0.001617,primary,84,DodgerLoopWeekend,10,10,0.7318840579710145,0.4225941422594142,0.6711956521739131,0.06068840579710144
lstm,0.001617,primary,84,Earthquakes,6,1,0.2517985611510791,0.20114942528735633,0.6151079136690647,-0.3633093525179856
lstm,0.001617,primary,84,FordA,10,9,0.9106060606060606,0.9102597489393182,0.715814393939394,0.1947916666666667
lstm,0.001617,primary,84,FordB,10,9,0.7790123456790123,0.775661110414839,0.6385802469135803,0.14043209876543206
lstm,0.001617,primary,84,FreezerRegularTrain,10,9,0.7670175438596492,0.7670036601750108,0.6873684210526315,0.07964912280701764
lstm,0.001617,primary,84,FreezerSmallTrain,10,10,0.6807017543859649,0.6645160856355192,0.6017543859649123,0.07894736842105265
lstm,0.001617,primary,84,GesturePebbleZ1,10,9,0.20930232558139536,0.17495969521094254,0.2347383720930232,-0.02543604651162784
lstm,0.001617,primary,84,GesturePebbleZ2,10,10,0.43037974683544306,0.31727331865193753,0.2120253164556962,0.21835443037974686
lstm,0.001617,primary,84,InsectWingbeatSound,10,10,0.09090909090909091,0.01515151515151515,0.1147727272727272,-0.023863636363636295
lstm,0.001617,primary,84,ItalyPowerDemand,10,10,0.5014577259475219,0.3339805825242718,0.5949951409135082,-0.09353741496598633
lstm,0.001617,primary,84,Lightning2,10,10,0.6557377049180327,0.6418786692759295,0.5389344262295082,0.11680327868852458
lstm,0.001617,primary,84,Lightning7,10,10,0.273972602739726,0.1793999104343932,0.1900684931506849,0.08390410958904113
lstm,0.001617,primary,84,MoteStrain,6,1,0.7212460063897763,0.6900847226211881,0.5943490415335463,0.12689696485623003
lstm,0.001617,primary,84,Phoneme,10,10,0.04377637130801688,0.009082910951730718,0.0372494725738396,0.006526898734177278
lstm,0.001617,primary,84,PickupGestureWiimoteZ,10,10,0.14,0.05299145299145299,0.095,0.04500000000000001
lstm,0.001617,primary,84,Plane,10,9,0.1619047619047619,0.039812646370023415,0.2964285714285714,-0.13452380952380946
lstm,0.001617,primary,84,ShakeGestureWiimoteZ,10,10,0.16,0.08,0.12,0.04000000000000001
lstm,0.001617,primary,84,SonyAIBORobotSurface1,10,10,0.5224625623960066,0.4616460204059339,0.6295757071547421,-0.10711314475873546
lstm,0.001617,primary,84,SonyAIBORobotSurface2,10,10,0.7471143756558237,0.6793910925296462,0.6382476390346274,0.10886673662119628
lstm,0.001617,primary,84,StarLightCurves,10,10,0.7887323943661971,0.7385700590544685,0.7347771976687713,0.05395519669742588
lstm,0.001617,primary,84,Trace,10,10,0.45,0.3797466422466423,0.355,0.09500000000000003
lstm,0.001617,primary,84,Wafer,8,3,0.8921155094094744,0.4714910400411558,0.8539097988319273,0.03820571057754707
lstm,0.001617,primary,105,AllGestureWiimoteX,10,10,0.28714285714285714,0.2646877628538473,0.1396428571428571,0.14750000000000005
lstm,0.001617,primary,105,AllGestureWiimoteY,10,9,0.24285714285714285,0.16807949529042954,0.165,0.07785714285714285
lstm,0.001617,primary,105,AllGestureWiimoteZ,10,10,0.21428571428571427,0.15575917376795959,0.1523214285714285,0.06196428571428578
lstm,0.001617,primary,105,Car,10,6,0.21666666666666667,0.08904109589041095,0.2416666666666666,-0.02499999999999994
lstm,0.001617,primary,105,ChlorineConcentration,10,7,0.5325520833333334,0.2316624185783064,0.3520833333333333,0.18046875000000007
lstm,0.001617,primary,105,CinCECGTorso,8,3,0.2536231884057971,0.10115606936416185,0.2831521739130435,-0.029528985507246364
lstm,0.001617,primary,105,DodgerLoopDay,7,2,0.15,0.037267080745341616,0.1671875,-0.017187499999999994
lstm,0.001617,primary,105,DodgerLoopGame,6,1,0.4782608695652174,0.3235294117647059,0.473731884057971,0.004528985507246397
lstm,0.001617,primary,105,DodgerLoopWeekend,10,10,0.7391304347826086,0.425,0.6711956521739131,0.06793478260869557
lstm,0.001617,primary,105,Earthquakes,9,4,0.7482014388489209,0.4279835390946502,0.6151079136690647,0.13309352517985618
lstm,0.001617,primary,105,FordA,10,7,0.9151515151515152,0.9149639125803253,0.715814393939394,0.19933712121212122
lstm,0.001617,primary,105,FordB,10,6,0.7592592592592593,0.7574995509250944,0.6385802469135803,0.12067901234567902
lstm,0.001617,primary,105,FreezerRegularTrain,10,9,0.6564912280701755,0.6299698249320885,0.6873684210526315,-0.03087719298245606
lstm,0.001617,primary,105,FreezerSmallTrain,10,10,0.7596491228070176,0.7593468879783647,0.6017543859649123,0.1578947368421053
lstm,0.001617,primary,105,GesturePebbleZ1,10,8,0.3430232558139535,0.2512940239355334,0.2347383720930232,0.10828488372093029
lstm,0.001617,primary,105,GesturePebbleZ2,10,10,0.23417721518987342,0.16989676420250976,0.2120253164556962,0.022151898734177222
lstm,0.001617,primary,105,InsectWingbeatSound,10,10,0.09090909090909091,0.01515151515151515,0.1147727272727272,-0.023863636363636295
lstm,0.001617,primary,105,ItalyPowerDemand,10,10,0.49854227405247814,0.3326848249027237,0.5949951409135082,-0.0964528668610301
lstm,0.001617,primary,105,Lightning2,10,10,0.7049180327868853,0.7009803921568627,0.5389344262295082,0.1659836065573771
lstm,0.001617,primary,105,Lightning7,10,10,0.1780821917808219,0.08590674481672644,0.1900684931506849,-0.011986301369862978
lstm,0.001617,primary,105,MoteStrain,6,1,0.7044728434504792,0.6884415891873279,0.5943490415335463,0.11012380191693294
lstm,0.001617,primary,105,Phoneme,10,10,0.02689873417721519,0.004975579675736288,0.0372494725738396,-0.010350738396624409
lstm,0.001617,primary,105,PickupGestureWiimoteZ,10,10,0.16,0.09331202046035805,0.095,0.065
lstm,0.001617,primary,105,Plane,10,10,0.3238095238095238,0.24652435686918445,0.2964285714285714,0.02738095238095245
lstm,0.001617,primary,105,ShakeGestureWiimoteZ,10,10,0.14,0.07637362637362637,0.12,0.020000000000000018
lstm,0.001617,primary,105,SonyAIBORobotSurface1,10,10,0.47587354409317806,0.38594101219262994,0.6295757071547421,-0.15370216306156403
lstm,0.001617,primary,105,SonyAIBORobotSurface2,10,10,0.7345225603357818,0.6547917158831404,0.6382476390346274,0.09627492130115434
lstm,0.001617,primary,105,StarLightCurves,10,9,0.7615347255949491,0.7224657135648656,0.7347771976687713,0.026757527926177804
lstm,0.001617,primary,105,Trace,10,10,0.6,0.4853423412745447,0.355,0.245
lstm,0.001617,primary,105,Wafer,9,4,0.8921155094094744,0.4714910400411558,0.8539097988319273,0.03820571057754707
lstm,0.001617,primary,126,AllGestureWiimoteX,10,10,0.3242857142857143,0.28578460832336694,0.1396428571428571,0.1846428571428572
lstm,0.001617,primary,126,AllGestureWiimoteY,10,10,0.23714285714285716,0.19124328055019352,0.165,0.07214285714285715
lstm,0.001617,primary,126,AllGestureWiimoteZ,10,5,0.1757142857142857,0.10084377109524248,0.1523214285714285,0.023392857142857215
lstm,0.001617,primary,126,Car,6,1,0.23333333333333334,0.0945945945945946,0.2416666666666666,-0.008333333333333276
lstm,0.001617,primary,126,ChlorineConcentration,6,1,0.5325520833333334,0.2316624185783064,0.3520833333333333,0.18046875000000007
lstm,0.001617,primary,126,CinCECGTorso,7,2,0.2753623188405797,0.14924666868564507,0.2831521739130435,-0.007789855072463769
lstm,0.001617,primary,126,DodgerLoopDay,10,6,0.15,0.037267080745341616,0.1671875,-0.017187499999999994
lstm,0.001617,primary,126,DodgerLoopGame,6,1,0.5217391304347826,0.34285714285714286,0.473731884057971,0.048007246376811585
lstm,0.001617,primary,126,DodgerLoopWeekend,10,10,0.7318840579710145,0.4225941422594142,0.6711956521739131,0.06068840579710144
lstm,0.001617,primary,126,Earthquakes,8,3,0.2517985611510791,0.20114942528735633,0.6151079136690647,-0.3633093525179856
lstm,0.001617,primary,126,FordA,10,9,0.9083333333333333,0.9078955942469923,0.715814393939394,0.19251893939393938
lstm,0.001617,primary,126,FordB,10,10,0.7876543209876543,0.7869672652541959,0.6385802469135803,0.14907407407407403
lstm,0.001617,primary,126,FreezerRegularTrain,10,7,0.7617543859649123,0.7608108513991604,0.6873684210526315,0.07438596491228078
lstm,0.001617,primary,126,FreezerSmallTrain,10,10,0.6989473684210527,0.6907503587867468,0.6017543859649123,0.09719298245614039
lstm,0.001617,primary,126,GesturePebbleZ1,10,10,0.29069767441860467,0.22641414141414143,0.2347383720930232,0.05595930232558147
lstm,0.001617,primary,126,GesturePebbleZ2,10,10,0.310126582278481,0.24119380409012026,0.2120253164556962,0.0981012658227848
lstm,0.001617,primary,126,InsectWingbeatSound,10,9,0.12575757575757576,0.07050733320837642,0.1147727272727272,0.010984848484848556
lstm,0.001617,primary,126,ItalyPowerDemand,10,10,0.5860058309037901,0.5055875373329604,0.5949951409135082,-0.008989310009718143
lstm,0.001617,primary,126,Lightning2,10,10,0.7049180327868853,0.702922077922078,0.5389344262295082,0.1659836065573771
lstm,0.001617,primary,126,Lightning7,10,9,0.3013698630136986,0.13345864661654133,0.1900684931506849,0.11130136986301373
lstm,0.001617,primary,126,MoteStrain,10,10,0.8115015974440895,0.8080453198898185,0.5943490415335463,0.21715255591054317
lstm,0.001617,primary,126,Phoneme,8,3,0.05379746835443038,0.002618002618002618,0.0372494725738396,0.016547995780590782
lstm,0.001617,primary,126,PickupGestureWiimoteZ,10,10,0.16,0.10586611456176673,0.095,0.065
lstm,0.001617,primary,126,Plane,10,9,0.1619047619047619,0.04497354497354498,0.2964285714285714,-0.13452380952380946
lstm,0.001617,primary,126,ShakeGestureWiimoteZ,10,10,0.14,0.0534965034965035,0.12,0.020000000000000018
lstm,0.001617,primary,126,SonyAIBORobotSurface1,10,10,0.43427620632279534,0.3100723893900924,0.6295757071547421,-0.19529950083194675
lstm,0.001617,primary,126,SonyAIBORobotSurface2,10,10,0.6768100734522561,0.53904090657822,0.6382476390346274,0.03856243441762863
lstm,0.001617,primary,126,StarLightCurves,9,4,0.7703982515784361,0.7233124470249601,0.7347771976687713,0.03562105390966486
lstm,0.001617,primary,126,Trace,10,10,0.47,0.3132440476190476,0.355,0.11499999999999999
lstm,0.001617,primary,126,Wafer,10,7,0.8921155094094744,0.4714910400411558,0.8539097988319273,0.03820571057754707
lstm,0.001617,primary,147,AllGestureWiimoteX,10,10,0.3442857142857143,0.3036745894149916,0.1396428571428571,0.2046428571428572
lstm,0.001617,primary,147,AllGestureWiimoteY,10,9,0.26857142857142857,0.21630674315797963,0.165,0.10357142857142856
lstm,0.001617,primary,147,AllGestureWiimoteZ,10,10,0.2571428571428571,0.2142663983110399,0.1523214285714285,0.10482142857142862
lstm,0.001617,primary,147,Car,10,6,0.31666666666666665,0.12025316455696203,0.2416666666666666,0.07500000000000004
lstm,0.001617,primary,147,ChlorineConcentration,10,9,0.46328125,0.2964835452869505,0.3520833333333333,0.11119791666666667
lstm,0.001617,primary,147,CinCECGTorso,6,1,0.29637681159420287,0.19355520797126635,0.2831521739130435,0.01322463768115939
lstm,0.001617,primary,147,DodgerLoopDay,8,3,0.15,0.037267080745341616,0.1671875,-0.017187499999999994
lstm,0.001617,primary,147,DodgerLoopGame,7,2,0.4782608695652174,0.3235294117647059,0.473731884057971,0.004528985507246397
lstm,0.001617,primary,147,DodgerLoopWeekend,10,10,0.8043478260869565,0.6650184302796008,0.6711956521739131,0.13315217391304346
lstm,0.001617,primary,147,Earthquakes,10,8,0.2517985611510791,0.20114942528735633,0.6151079136690647,-0.3633093525179856
lstm,0.001617,primary,147,FordA,10,8,0.6765151515151515,0.6613877910004993,0.715814393939394,-0.03929924242424243
lstm,0.001617,primary,147,FordB,10,7,0.7950617283950617,0.7950417355145145,0.6385802469135803,0.15648148148148144
lstm,0.001617,primary,147,FreezerRegularTrain,10,8,0.7617543859649123,0.761678070133631,0.6873684210526315,0.07438596491228078
lstm,0.001617,primary,147,FreezerSmallTrain,10,10,0.6915789473684211,0.6783014408535789,0.6017543859649123,0.0898245614035088
lstm,0.001617,primary,147,GesturePebbleZ1,10,10,0.2616279069767442,0.1811617097761676,0.2347383720930232,0.026889534883721006
lstm,0.001617,primary,147,GesturePebbleZ2,10,10,0.21518987341772153,0.1627969989977114,0.2120253164556962,0.0031645569620253333
lstm,0.001617,primary,147,InsectWingbeatSound,10,10,0.09090909090909091,0.015300267754685707,0.1147727272727272,-0.023863636363636295
lstm,0.001617,primary,147,ItalyPowerDemand,10,8,0.7453838678328474,0.7344280704519485,0.5949951409135082,0.15038872691933913
lstm,0.001617,primary,147,Lightning2,10,10,0.6721311475409836,0.6611111111111111,0.5389344262295082,0.13319672131147542
lstm,0.001617,primary,147,Lightning7,10,10,0.2465753424657534,0.1659205134731809,0.1900684931506849,0.056506849315068525
lstm,0.001617,primary,147,MoteStrain,10,10,0.7987220447284346,0.7949413884274317,0.5943490415335463,0.20437300319488827
lstm,0.001617,primary,147,Phoneme,10,10,0.03322784810126582,0.009138477792171883,0.0372494725738396,-0.00402162447257378
lstm,0.001617,primary,147,PickupGestureWiimoteZ,10,10,0.2,0.0866346153846154,0.095,0.10500000000000001
lstm,0.001617,primary,147,Plane,10,9,0.20952380952380953,0.08941784441921466,0.2964285714285714,-0.08690476190476185
lstm,0.001617,primary,147,ShakeGestureWiimoteZ,10,10,0.18,0.06339066339066339,0.12,0.06
lstm,0.001617,primary,147,SonyAIBORobotSurface1,10,10,0.5657237936772047,0.5249875085169202,0.6295757071547421,-0.06385191347753738
lstm,0.001617,primary,147,SonyAIBORobotSurface2,10,10,0.757607555089192,0.700548049181599,0.6382476390346274,0.11935991605456453
lstm,0.001617,primary,147,StarLightCurves,10,8,0.7824186498300145,0.7325893446785314,0.7347771976687713,0.04764145216124327
lstm,0.001617,primary,147,Trace,10,10,0.56,0.4453187613843351,0.355,0.20500000000000007
lstm,0.001617,primary,147,Wafer,8,3,0.8921155094094744,0.4714910400411558,0.8539097988319273,0.03820571057754707
lstm,0.0002,secondary,7,AllGestureWiimoteX,10,10,0.15142857142857144,0.07135738605273291,0.1396428571428571,0.011785714285714344
lstm,0.0002,secondary,7,AllGestureWiimoteY,10,10,0.16285714285714287,0.082107264843203,0.165,-0.002142857142857141
lstm,0.0002,secondary,7,AllGestureWiimoteZ,10,10,0.10285714285714286,0.03792718141509219,0.1523214285714285,-0.04946428571428564
lstm,0.0002,secondary,7,Car,10,10,0.23333333333333334,0.12483870967741936,0.2416666666666666,-0.008333333333333276
lstm,0.0002,secondary,7,ChlorineConcentration,10,10,0.5325520833333334,0.2316624185783064,0.3520833333333333,0.18046875000000007
lstm,0.0002,secondary,7,CinCECGTorso,10,10,0.22318840579710145,0.12300046519554333,0.2831521739130435,-0.059963768115942034
lstm,0.0002,secondary,7,DodgerLoopDay,10,5,0.1375,0.03453689167974882,0.1671875,-0.029687499999999978
lstm,0.0002,secondary,7,DodgerLoopGame,10,10,0.4782608695652174,0.3235294117647059,0.473731884057971,0.004528985507246397
lstm,0.0002,secondary,7,DodgerLoopWeekend,10,10,0.782608695652174,0.6445741758241759,0.6711956521739131,0.11141304347826086
lstm,0.0002,secondary,7,Earthquakes,10,7,0.7482014388489209,0.4279835390946502,0.6151079136690647,0.13309352517985618
lstm,0.0002,secondary,7,FordA,10,10,0.8803030303030303,0.8801310420139088,0.715814393939394,0.1644886363636363
lstm,0.0002,secondary,7,FordB,10,9,0.6851851851851852,0.6701380293881384,0.6385802469135803,0.046604938271604945
lstm,0.0002,secondary,7,FreezerRegularTrain,10,10,0.5,0.3333333333333333,0.6873684210526315,-0.18736842105263152
lstm,0.0002,secondary,7,FreezerSmallTrain,10,10,0.5,0.3333333333333333,0.6017543859649123,-0.10175438596491226
lstm,0.0002,secondary,7,GesturePebbleZ1,10,10,0.29651162790697677,0.1866043747231866,0.2347383720930232,0.06177325581395357
lstm,0.0002,secondary,7,GesturePebbleZ2,10,10,0.11392405063291139,0.06692125841062012,0.2120253164556962,-0.0981012658227848
lstm,0.0002,secondary,7,InsectWingbeatSound,10,10,0.12424242424242424,0.041710594080872826,0.1147727272727272,0.00946969696969703
lstm,0.0002,secondary,7,ItalyPowerDemand,10,10,0.7259475218658892,0.7097616304191272,0.5949951409135082,0.13095238095238093
lstm,0.0002,secondary,7,Lightning2,10,10,0.7049180327868853,0.6983516483516483,0.5389344262295082,0.1659836065573771
lstm,0.0002,secondary,7,Lightning7,10,10,0.2876712328767123,0.11813804173354736,0.1900684931506849,0.09760273972602743
lstm,0.0002,secondary,7,MoteStrain,6,1,0.6621405750798722,0.655408135578663,0.5943490415335463,0.06779153354632594
lstm,0.0002,secondary,7,Phoneme,6,1,0.04219409282700422,0.0033163411421043587,0.0372494725738396,0.004944620253164618
lstm,0.0002,secondary,7,PickupGestureWiimoteZ,10,10,0.12,0.04,0.095,0.024999999999999994
lstm,0.0002,secondary,7,Plane,10,10,0.09523809523809523,0.025510204081632654,0.2964285714285714,-0.20119047619047614
lstm,0.0002,secondary,7,ShakeGestureWiimoteZ,10,10,0.12,0.03502051983584131,0.12,0.0
lstm,0.0002,secondary,7,SonyAIBORobotSurface1,10,10,0.4559068219633943,0.35061806718940514,0.6295757071547421,-0.17366888519134777
lstm,0.0002,secondary,7,SonyAIBORobotSurface2,10,10,0.621196222455404,0.39340354366458435,0.6382476390346274,-0.01705141657922349
lstm,0.0002,secondary,7,StarLightCurves,10,10,0.7620203982515784,0.7324908287555442,0.7347771976687713,0.02724320058280716
lstm,0.0002,secondary,7,Trace,10,10,0.19,0.07983193277310924,0.355,-0.16499999999999998
lstm,0.0002,secondary,7,Wafer,10,7,0.8921155094094744,0.4714910400411558,0.8539097988319273,0.03820571057754707
lstm,0.0002,secondary,21,AllGestureWiimoteX,10,10,0.1,0.018252933507170797,0.1396428571428571,-0.03964285714285709
lstm,0.0002,secondary,21,AllGestureWiimoteY,10,10,0.15142857142857144,0.07282750668995604,0.165,-0.013571428571428568
lstm,0.0002,secondary,21,AllGestureWiimoteZ,10,10,0.10571428571428572,0.03101283101283101,0.1523214285714285,-0.04660714285714278
lstm,0.0002,secondary,21,Car,10,9,0.21666666666666667,0.08904109589041095,0.2416666666666666,-0.02499999999999994
lstm,0.0002,secondary,21,ChlorineConcentration,6,1,0.5325520833333334,0.2316624185783064,0.3520833333333333,0.18046875000000007
lstm,0.0002,secondary,21,CinCECGTorso,6,1,0.26956521739130435,0.17935281653659785,0.2831521739130435,-0.013586956521739135
lstm,0.0002,secondary,21,DodgerLoopDay,6,1,0.15,0.037267080745341616,0.1671875,-0.017187499999999994
lstm,0.0002,secondary,21,DodgerLoopGame,6,1,0.4782608695652174,0.3235294117647059,0.473731884057971,0.004528985507246397
lstm,0.0002,secondary,21,DodgerLoopWeekend,10,10,0.855072463768116,0.791980705456738,0.6711956521739131,0.18387681159420288
lstm,0.0002,secondary,21,Earthquakes,6,1,0.2517985611510791,0.20114942528735633,0.6151079136690647,-0.3633093525179856
lstm,0.0002,secondary,21,FordA,10,10,0.8772727272727273,0.8759165256627186,0.715814393939394,0.16145833333333337
lstm,0.0002,secondary,21,FordB,10,10,0.7481481481481481,0.7439267051406823,0.6385802469135803,0.10956790123456783
lstm,0.0002,secondary,21,FreezerRegularTrain,10,10,0.5,0.3333333333333333,0.6873684210526315,-0.18736842105263152
lstm,0.0002,secondary,21,FreezerSmallTrain,10,10,0.6294736842105263,0.5931101279561571,0.6017543859649123,0.027719298245614032
lstm,0.0002,secondary,21,GesturePebbleZ1,6,1,0.19186046511627908,0.08365317385935943,0.2347383720930232,-0.04287790697674412
lstm,0.0002,secondary,21,GesturePebbleZ2,10,10,0.189873417721519,0.08549019607843138,0.2120253164556962,-0.022151898734177194
lstm,0.0002,secondary,21,InsectWingbeatSound,10,10,0.09090909090909091,0.01515151515151515,0.1147727272727272,-0.023863636363636295
lstm,0.0002,secondary,21,ItalyPowerDemand,7,2,0.5753158406219631,0.535865018098945,0.5949951409135082,-0.019679300291545188
lstm,0.0002,secondary,21,Lightning2,10,10,0.5245901639344263,0.43751987281399046,0.5389344262295082,-0.0143442622950819
lstm,0.0002,secondary,21,Lightning7,10,10,0.136986301369863,0.03442340791738382,0.1900684931506849,-0.05308219178082188
lstm,0.0002,secondary,21,MoteStrain,6,1,0.3266773162939297,0.27204030747902375,0.5943490415335463,-0.2676717252396166
lstm,0.0002,secondary,21,Phoneme,6,1,0.004219409282700422,0.00021547080370609782,0.0372494725738396,-0.03303006329113918
lstm,0.0002,secondary,21,PickupGestureWiimoteZ,10,10,0.1,0.019230769230769232,0.095,0.0050000000000000044
lstm,0.0002,secondary,21,Plane,10,10,0.14285714285714285,0.03571428571428571,0.2964285714285714,-0.15357142857142853
lstm,0.0002,secondary,21,ShakeGestureWiimoteZ,10,10,0.1,0.01818181818181818,0.12,-0.01999999999999999
lstm,0.0002,secondary,21,SonyAIBORobotSurface1,10,10,0.43926788685524126,0.31965387625673086,0.6295757071547421,-0.19030782029950083
lstm,0.0002,secondary,21,SonyAIBORobotSurface2,10,10,0.6799580272822665,0.5849261645101267,0.6382476390346274,0.04171038824763906
lstm,0.0002,secondary,21,StarLightCurves,10,8,0.7531568722680914,0.7257798729984989,0.7347771976687713,0.018379674599320106
lstm,0.0002,secondary,21,Trace,10,10,0.42,0.29330943847072877,0.355,0.065
lstm,0.0002,secondary,21,Wafer,10,5,0.8921155094094744,0.4714910400411558,0.8539097988319273,0.03820571057754707
lstm,0.0002,secondary,42,AllGestureWiimoteX,10,10,0.1442857142857143,0.058340767172167705,0.1396428571428571,0.0046428571428571985
lstm,0.0002,secondary,42,AllGestureWiimoteY,10,10,0.15,0.07522130783252355,0.165,-0.015000000000000013
lstm,0.0002,secondary,42,AllGestureWiimoteZ,10,10,0.13142857142857142,0.06817386493576968,0.1523214285714285,-0.020892857142857074
lstm,0.0002,secondary,42,Car,6,1,0.23333333333333334,0.0945945945945946,0.2416666666666666,-0.008333333333333276
lstm,0.0002,secondary,42,ChlorineConcentration,10,8,0.5325520833333334,0.23185941043083902,0.3520833333333333,0.18046875000000007
lstm,0.0002,secondary,42,CinCECGTorso,6,1,0.24855072463768116,0.09953569355774812,0.2831521739130435,-0.03460144927536232
lstm,0.0002,secondary,42,DodgerLoopDay,7,2,0.1375,0.03453689167974882,0.1671875,-0.029687499999999978
lstm,0.0002,secondary,42,DodgerLoopGame,10,10,0.4782608695652174,0.3235294117647059,0.473731884057971,0.004528985507246397
lstm,0.0002,secondary,42,DodgerLoopWeekend,10,10,0.7391304347826086,0.425,0.6711956521739131,0.06793478260869557
lstm,0.0002,secondary,42,Earthquakes,8,3,0.7482014388489209,0.4279835390946502,0.6151079136690647,0.13309352517985618
lstm,0.0002,secondary,42,FordA,10,10,0.8909090909090909,0.8905069124423963,0.715814393939394,0.17509469696969693
lstm,0.0002,secondary,42,FordB,10,10,0.6691358024691358,0.6457779895436953,0.6385802469135803,0.030555555555555558
lstm,0.0002,secondary,42,FreezerRegularTrain,10,10,0.5,0.3333333333333333,0.6873684210526315,-0.18736842105263152
lstm,0.0002,secondary,42,FreezerSmallTrain,10,10,0.5,0.33457682198969435,0.6017543859649123,-0.10175438596491226
lstm,0.0002,secondary,42,GesturePebbleZ1,10,10,0.18604651162790697,0.052545155993431854,0.2347383720930232,-0.04869186046511623
lstm,0.0002,secondary,42,GesturePebbleZ2,10,10,0.13291139240506328,0.05511496832759738,0.2120253164556962,-0.07911392405063292
lstm,0.0002,secondary,42,InsectWingbeatSound,10,10,0.09090909090909091,0.01515151515151515,0.1147727272727272,-0.023863636363636295
lstm,0.0002,secondary,42,ItalyPowerDemand,10,10,0.5014577259475219,0.3339805825242718,0.5949951409135082,-0.09353741496598633
lstm,0.0002,secondary,42,Lightning2,10,10,0.5245901639344263,0.43751987281399046,0.5389344262295082,-0.0143442622950819
lstm,0.0002,secondary,42,Lightning7,10,10,0.1780821917808219,0.0917336631622346,0.1900684931506849,-0.011986301369862978
lstm,0.0002,secondary,42,MoteStrain,10,10,0.7947284345047924,0.7933838180495383,0.5943490415335463,0.20037939297124607
lstm,0.0002,secondary,42,Phoneme,6,1,0.00949367088607595,0.0004909983633387888,0.0372494725738396,-0.027755801687763648
lstm,0.0002,secondary,42,PickupGestureWiimoteZ,10,10,0.1,0.06990881458966565,0.095,0.0050000000000000044
lstm,0.0002,secondary,42,Plane,10,10,0.2571428571428571,0.19293078055964655,0.2964285714285714,-0.03928571428571426
lstm,0.0002,secondary,42,ShakeGestureWiimoteZ,10,10,0.1,0.01886792452830189,0.12,-0.01999999999999999
lstm,0.0002,secondary,42,SonyAIBORobotSurface1,10,10,0.6955074875207987,0.6885225473731311,0.6295757071547421,0.06593178036605662
lstm,0.0002,secondary,42,SonyAIBORobotSurface2,10,10,0.7481636935991606,0.7075879844128747,0.6382476390346274,0.10991605456453313
lstm,0.0002,secondary,42,StarLightCurves,10,10,0.7921321029626032,0.7481619098459236,0.7347771976687713,0.057354905293831915
lstm,0.0002,secondary,42,Trace,10,10,0.28,0.109375,0.355,-0.07499999999999996
lstm,0.0002,secondary,42,Wafer,10,10,0.8921155094094744,0.4714910400411558,0.8539097988319273,0.03820571057754707
lstm,0.0002,secondary,63,AllGestureWiimoteX,10,10,0.12571428571428572,0.05303583363323222,0.1396428571428571,-0.013928571428571374
lstm,0.0002,secondary,63,AllGestureWiimoteY,10,10,0.15571428571428572,0.08549520030489619,0.165,-0.009285714285714286
lstm,0.0002,secondary,63,AllGestureWiimoteZ,10,10,0.15285714285714286,0.08136139406752516,0.1523214285714285,0.0005357142857143615
lstm,0.0002,secondary,63,Car,6,1,0.23333333333333334,0.0945945945945946,0.2416666666666666,-0.008333333333333276
lstm,0.0002,secondary,63,ChlorineConcentration,10,10,0.5325520833333334,0.2316624185783064,0.3520833333333333,0.18046875000000007
lstm,0.0002,secondary,63,CinCECGTorso,6,1,0.2826086956521739,0.1870181683226775,0.2831521739130435,-0.0005434782608695898
lstm,0.0002,secondary,63,DodgerLoopDay,10,10,0.1625,0.039938556067588324,0.1671875,-0.004687499999999983
lstm,0.0002,secondary,63,DodgerLoopGame,6,1,0.5217391304347826,0.34285714285714286,0.473731884057971,0.048007246376811585
lstm,0.0002,secondary,63,DodgerLoopWeekend,10,10,0.9130434782608695,0.8943877551020408,0.6711956521739131,0.24184782608695643
lstm,0.0002,secondary,63,Earthquakes,6,1,0.7482014388489209,0.4279835390946502,0.6151079136690647,0.13309352517985618
lstm,0.0002,secondary,63,FordA,10,10,0.8909090909090909,0.8906356801093642,0.715814393939394,0.17509469696969693
lstm,0.0002,secondary,63,FordB,10,9,0.725925925925926,0.7209653092006033,0.6385802469135803,0.08734567901234569
lstm,0.0002,secondary,63,FreezerRegularTrain,10,10,0.49964912280701756,0.3331773514272344,0.6873684210526315,-0.18771929824561395
lstm,0.0002,secondary,63,FreezerSmallTrain,10,10,0.7533333333333333,0.7522667919294529,0.6017543859649123,0.15157894736842104
lstm,0.0002,secondary,63,GesturePebbleZ1,10,10,0.16279069767441862,0.04666666666666667,0.2347383720930232,-0.07194767441860458
lstm,0.0002,secondary,63,GesturePebbleZ2,10,10,0.14556962025316456,0.04331450094161959,0.2120253164556962,-0.06645569620253164
lstm,0.0002,secondary,63,InsectWingbeatSound,10,10,0.09090909090909091,0.01515151515151515,0.1147727272727272,-0.023863636363636295
lstm,0.0002,secondary,63,ItalyPowerDemand,10,10,0.49854227405247814,0.3326848249027237,0.5949951409135082,-0.0964528668610301
lstm,0.0002,secondary,63,Lightning2,10,10,0.7213114754098361,0.7164342357123326,0.5389344262295082,0.18237704918032793
lstm,0.0002,secondary,63,Lightning7,10,10,0.136986301369863,0.03442340791738382,0.1900684931506849,-0.05308219178082188
lstm,0.0002,secondary,63,MoteStrain,10,10,0.7971246006389776,0.7954285214357211,0.5943490415335463,0.20277555910543132
lstm,0.0002,secondary,63,Phoneme,6,1,0.03322784810126582,0.002399078299355308,0.0372494725738396,-0.00402162447257378
lstm,0.0002,secondary,63,PickupGestureWiimoteZ,10,10,0.12,0.04127659574468086,0.095,0.024999999999999994
lstm,0.0002,secondary,63,Plane,10,10,0.14285714285714285,0.03571428571428571,0.2964285714285714,-0.15357142857142853
lstm,0.0002,secondary,63,ShakeGestureWiimoteZ,10,10,0.14,0.07675070028011204,0.12,0.020000000000000018
lstm,0.0002,secondary,63,SonyAIBORobotSurface1,10,10,0.44093178036605657,0.3228169014084507,0.6295757071547421,-0.18864392678868552
lstm,0.0002,secondary,63,SonyAIBORobotSurface2,10,10,0.6169989506820567,0.381570408825438,0.6382476390346274,-0.021248688352570766
lstm,0.0002,secondary,63,StarLightCurves,10,10,0.7831471588149587,0.727688414010368,0.7347771976687713,0.04836996114618741
lstm,0.0002,secondary,63,Trace,10,10,0.47,0.31316033364226137,0.355,0.11499999999999999
lstm,0.0002,secondary,63,Wafer,10,10,0.8921155094094744,0.4714910400411558,0.8539097988319273,0.03820571057754707
lstm,0.0002,secondary,84,AllGestureWiimoteX,10,10,0.14857142857142858,0.06963973547910295,0.1396428571428571,0.00892857142857148
lstm,0.0002,secondary,84,AllGestureWiimoteY,10,10,0.15285714285714286,0.07480305165667236,0.165,-0.01214285714285715
lstm,0.0002,secondary,84,AllGestureWiimoteZ,10,10,0.15428571428571428,0.09045584045584046,0.1523214285714285,0.0019642857142857795
lstm,0.0002,secondary,84,Car,10,7,0.23333333333333334,0.0945945945945946,0.2416666666666666,-0.008333333333333276
lstm,0.0002,secondary,84,ChlorineConcentration,10,10,0.5325520833333334,0.2316624185783064,0.3520833333333333,0.18046875000000007
lstm,0.0002,secondary,84,CinCECGTorso,6,1,0.25,0.1,0.2831521739130435,-0.03315217391304348
lstm,0.0002,secondary,84,DodgerLoopDay,10,10,0.15,0.037267080745341616,0.1671875,-0.017187499999999994
lstm,0.0002,secondary,84,DodgerLoopGame,6,1,0.5217391304347826,0.34285714285714286,0.473731884057971,0.048007246376811585
lstm,0.0002,secondary,84,DodgerLoopWeekend,10,10,0.7391304347826086,0.425,0.6711956521739131,0.06793478260869557
lstm,0.0002,secondary,84,Earthquakes,6,1,0.2517985611510791,0.20114942528735633,0.6151079136690647,-0.3633093525179856
lstm,0.0002,secondary,84,FordA,10,10,0.8909090909090909,0.890601438848921,0.715814393939394,0.17509469696969693
lstm,0.0002,secondary,84,FordB,10,10,0.745679012345679,0.7448561432695602,0.6385802469135803,0.10709876543209873
lstm,0.0002,secondary,84,FreezerRegularTrain,10,10,0.5,0.3333333333333333,0.6873684210526315,-0.18736842105263152
lstm,0.0002,secondary,84,FreezerSmallTrain,10,10,0.7498245614035087,0.7481701579313481,0.6017543859649123,0.14807017543859646
lstm,0.0002,secondary,84,GesturePebbleZ1,10,10,0.14534883720930233,0.04230118443316413,0.2347383720930232,-0.08938953488372087
lstm,0.0002,secondary,84,GesturePebbleZ2,10,10,0.189873417721519,0.0988743535138424,0.2120253164556962,-0.022151898734177194
lstm,0.0002,secondary,84,InsectWingbeatSound,10,10,0.11212121212121212,0.03544085304600157,0.1147727272727272,-0.0026515151515150853
lstm,0.0002,secondary,84,ItalyPowerDemand,6,1,0.49854227405247814,0.3326848249027237,0.5949951409135082,-0.0964528668610301
lstm,0.0002,secondary,84,Lightning2,10,10,0.4918032786885246,0.3789819376026273,0.5389344262295082,-0.047131147540983576
lstm,0.0002,secondary,84,Lightning7,10,10,0.1643835616438356,0.040336134453781515,0.1900684931506849,-0.02568493150684928
lstm,0.0002,secondary,84,MoteStrain,6,1,0.5407348242811502,0.3541035820828567,0.5943490415335463,-0.053614217252396124
lstm,0.0002,secondary,84,Phoneme,6,1,0.013185654008438819,0.0007577135236709705,0.0372494725738396,-0.024063818565400782
lstm,0.0002,secondary,84,PickupGestureWiimoteZ,10,10,0.08,0.027692307692307693,0.095,-0.015
lstm,0.0002,secondary,84,Plane,10,10,0.09523809523809523,0.024844720496894408,0.2964285714285714,-0.20119047619047614
lstm,0.0002,secondary,84,ShakeGestureWiimoteZ,10,10,0.12,0.0478021978021978,0.12,0.0
lstm,0.0002,secondary,84,SonyAIBORobotSurface1,10,10,0.5757071547420965,0.3760000977194718,0.6295757071547421,-0.05386855241264554
lstm,0.0002,secondary,84,SonyAIBORobotSurface2,10,10,0.7387198321091291,0.6985192572782539,0.6382476390346274,0.10047219307450161
lstm,0.0002,secondary,84,StarLightCurves,10,9,0.7668771248178727,0.7337806925905785,0.7347771976687713,0.03209992714910148
lstm,0.0002,secondary,84,Trace,10,10,0.19,0.07983193277310924,0.355,-0.16499999999999998
lstm,0.0002,secondary,84,Wafer,10,9,0.8921155094094744,0.4714910400411558,0.8539097988319273,0.03820571057754707
lstm,0.0002,secondary,105,AllGestureWiimoteX,10,10,0.15142857142857144,0.05518826395079553,0.1396428571428571,0.011785714285714344
lstm,0.0002,secondary,105,AllGestureWiimoteY,10,10,0.16428571428571428,0.07807280265767041,0.165,-0.0007142857142857229
lstm,0.0002,secondary,105,AllGestureWiimoteZ,10,10,0.14142857142857143,0.06649326441224332,0.1523214285714285,-0.010892857142857065
lstm,0.0002,secondary,105,Car,10,9,0.31666666666666665,0.12025316455696203,0.2416666666666666,0.07500000000000004
lstm,0.0002,secondary,105,ChlorineConcentration,10,9,0.5325520833333334,0.2316624185783064,0.3520833333333333,0.18046875000000007
lstm,0.0002,secondary,105,CinCECGTorso,10,5,0.26014492753623186,0.1754227489521607,0.2831521739130435,-0.02300724637681162
lstm,0.0002,secondary,105,DodgerLoopDay,9,4,0.15,0.037267080745341616,0.1671875,-0.017187499999999994
lstm,0.0002,secondary,105,DodgerLoopGame,6,1,0.4782608695652174,0.3235294117647059,0.473731884057971,0.004528985507246397
lstm,0.0002,secondary,105,DodgerLoopWeekend,10,10,0.7391304347826086,0.425,0.6711956521739131,0.06793478260869557
lstm,0.0002,secondary,105,Earthquakes,10,9,0.7482014388489209,0.4279835390946502,0.6151079136690647,0.13309352517985618
lstm,0.0002,secondary,105,FordA,10,10,0.8977272727272727,0.8975621281094235,0.715814393939394,0.18191287878787876
lstm,0.0002,secondary,105,FordB,10,10,0.7790123456790123,0.7789715829317707,0.6385802469135803,0.14043209876543206
lstm,0.0002,secondary,105,FreezerRegularTrain,10,10,0.7508771929824561,0.7494379534820137,0.6873684210526315,0.06350877192982463
lstm,0.0002,secondary,105,FreezerSmallTrain,10,10,0.7354385964912281,0.7307522098391155,0.6017543859649123,0.13368421052631585
lstm,0.0002,secondary,105,GesturePebbleZ1,10,10,0.19186046511627908,0.0629062906290629,0.2347383720930232,-0.04287790697674412
lstm,0.0002,secondary,105,GesturePebbleZ2,10,10,0.15822784810126583,0.047348484848484855,0.2120253164556962,-0.05379746835443036
lstm,0.0002,secondary,105,InsectWingbeatSound,10,10,0.09090909090909091,0.01515151515151515,0.1147727272727272,-0.023863636363636295
lstm,0.0002,secondary,105,ItalyPowerDemand,10,10,0.5393586005830904,0.4185747663551402,0.5949951409135082,-0.05563654033041787
lstm,0.0002,secondary,105,Lightning2,10,10,0.5081967213114754,0.40891472868217055,0.5389344262295082,-0.030737704918032738
lstm,0.0002,secondary,105,Lightning7,10,10,0.1780821917808219,0.061409179056237884,0.1900684931506849,-0.011986301369862978
lstm,0.0002,secondary,105,MoteStrain,6,1,0.7284345047923323,0.7033605387565784,0.5943490415335463,0.134085463258786
lstm,0.0002,secondary,105,Phoneme,10,8,0.061708860759493674,0.007692684738490194,0.0372494725738396,0.024459388185654074
lstm,0.0002,secondary,105,PickupGestureWiimoteZ,10,10,0.1,0.022727272727272728,0.095,0.0050000000000000044
lstm,0.0002,secondary,105,Plane,10,10,0.13333333333333333,0.03361344537815126,0.2964285714285714,-0.16309523809523804
lstm,0.0002,secondary,105,ShakeGestureWiimoteZ,10,10,0.14,0.07601078167115902,0.12,0.020000000000000018
lstm,0.0002,secondary,105,SonyAIBORobotSurface1,10,10,0.46422628951747086,0.36556820268037454,0.6295757071547421,-0.16534941763727123
lstm,0.0002,secondary,105,SonyAIBORobotSurface2,10,10,0.7177334732423925,0.6558934110790303,0.6382476390346274,0.079485834207765
lstm,0.0002,secondary,105,StarLightCurves,10,10,0.771369596891695,0.7287312866489172,0.7347771976687713,0.03659239922292379
lstm,0.0002,secondary,105,Trace,10,10,0.19,0.07983193277310924,0.355,-0.16499999999999998
lstm,0.0002,secondary,105,Wafer,10,6,0.8921155094094744,0.4714910400411558,0.8539097988319273,0.03820571057754707
lstm,0.0002,secondary,126,AllGestureWiimoteX,10,10,0.12428571428571429,0.06263376697602265,0.1396428571428571,-0.015357142857142805
lstm,0.0002,secondary,126,AllGestureWiimoteY,10,10,0.15857142857142856,0.07550871233106968,0.165,-0.00642857142857145
lstm,0.0002,secondary,126,AllGestureWiimoteZ,10,10,0.14285714285714285,0.06094217936692312,0.1523214285714285,-0.009464285714285647
lstm,0.0002,secondary,126,Car,6,1,0.21666666666666667,0.08904109589041095,0.2416666666666666,-0.02499999999999994
lstm,0.0002,secondary,126,ChlorineConcentration,10,10,0.5325520833333334,0.23233356055441945,0.3520833333333333,0.18046875000000007
lstm,0.0002,secondary,126,CinCECGTorso,7,2,0.2644927536231884,0.13682384212255538,0.2831521739130435,-0.018659420289855067
lstm,0.0002,secondary,126,DodgerLoopDay,10,6,0.1375,0.03453689167974882,0.1671875,-0.029687499999999978
lstm,0.0002,secondary,126,DodgerLoopGame,8,3,0.5217391304347826,0.34285714285714286,0.473731884057971,0.048007246376811585
lstm,0.0002,secondary,126,DodgerLoopWeekend,10,10,0.7391304347826086,0.425,0.6711956521739131,0.06793478260869557
lstm,0.0002,secondary,126,Earthquakes,8,3,0.7482014388489209,0.4279835390946502,0.6151079136690647,0.13309352517985618
lstm,0.0002,secondary,126,FordA,10,9,0.8977272727272727,0.8976633122974587,0.715814393939394,0.18191287878787876
lstm,0.0002,secondary,126,FordB,10,10,0.7641975308641975,0.7615719514544403,0.6385802469135803,0.12561728395061722
lstm,0.0002,secondary,126,FreezerRegularTrain,10,10,0.5,0.3333333333333333,0.6873684210526315,-0.18736842105263152
lstm,0.0002,secondary,126,FreezerSmallTrain,10,10,0.5,0.3333333333333333,0.6017543859649123,-0.10175438596491226
lstm,0.0002,secondary,126,GesturePebbleZ1,10,10,0.20930232558139536,0.09526800670016751,0.2347383720930232,-0.02543604651162784
lstm,0.0002,secondary,126,GesturePebbleZ2,10,10,0.15822784810126583,0.04553734061930784,0.2120253164556962,-0.05379746835443036
lstm,0.0002,secondary,126,InsectWingbeatSound,10,10,0.09090909090909091,0.01515151515151515,0.1147727272727272,-0.023863636363636295
lstm,0.0002,secondary,126,ItalyPowerDemand,10,10,0.7240038872691934,0.7077032022660714,0.5949951409135082,0.12900874635568516
lstm,0.0002,secondary,126,Lightning2,10,10,0.5245901639344263,0.43751987281399046,0.5389344262295082,-0.0143442622950819
lstm,0.0002,secondary,126,Lightning7,10,10,0.1643835616438356,0.040336134453781515,0.1900684931506849,-0.02568493150684928
lstm,0.0002,secondary,126,MoteStrain,10,10,0.5391373801916933,0.3502854177477945,0.5943490415335463,-0.05521166134185296
lstm,0.0002,secondary,126,Phoneme,8,3,0.05221518987341772,0.0029933088662324413,0.0372494725738396,0.014965717299578123
lstm,0.0002,secondary,126,PickupGestureWiimoteZ,10,10,0.1,0.01818181818181818,0.095,0.0050000000000000044
lstm,0.0002,secondary,126,Plane,10,10,0.44761904761904764,0.3418322930960707,0.2964285714285714,0.15119047619047626
lstm,0.0002,secondary,126,ShakeGestureWiimoteZ,10,10,0.1,0.05719298245614035,0.12,-0.01999999999999999
lstm,0.0002,secondary,126,SonyAIBORobotSurface1,10,10,0.5158069883527454,0.4513481718507364,0.6295757071547421,-0.11376871880199668
lstm,0.0002,secondary,126,SonyAIBORobotSurface2,10,10,0.8048268625393494,0.7900284292821607,0.6382476390346274,0.16657922350472198
lstm,0.0002,secondary,126,StarLightCurves,10,10,0.778169014084507,0.6869055272357655,0.7347771976687713,0.04339181641573575
lstm,0.0002,secondary,126,Trace,10,10,0.29,0.1124031007751938,0.355,-0.065
lstm,0.0002,secondary,126,Wafer,10,9,0.8921155094094744,0.4714910400411558,0.8539097988319273,0.03820571057754707
lstm,0.0002,secondary,147,AllGestureWiimoteX,10,10,0.11285714285714285,0.03880320695084104,0.1396428571428571,-0.026785714285714246
lstm,0.0002,secondary,147,AllGestureWiimoteY,10,10,0.14,0.060311380578096284,0.165,-0.024999999999999994
lstm,0.0002,secondary,147,AllGestureWiimoteZ,10,10,0.13714285714285715,0.06652924346818265,0.1523214285714285,-0.015178571428571347
lstm,0.0002,secondary,147,Car,6,1,0.23333333333333334,0.0945945945945946,0.2416666666666666,-0.008333333333333276
lstm,0.0002,secondary,147,ChlorineConcentration,10,10,0.5325520833333334,0.23221484131039571,0.3520833333333333,0.18046875000000007
lstm,0.0002,secondary,147,CinCECGTorso,6,1,0.3050724637681159,0.19687416586033166,0.2831521739130435,0.02192028985507244
lstm,0.0002,secondary,147,DodgerLoopDay,9,4,0.15,0.037267080745341616,0.1671875,-0.017187499999999994
lstm,0.0002,secondary,147,DodgerLoopGame,6,1,0.4782608695652174,0.3235294117647059,0.473731884057971,0.004528985507246397
lstm,0.0002,secondary,147,DodgerLoopWeekend,10,10,0.7391304347826086,0.425,0.6711956521739131,0.06793478260869557
lstm,0.0002,secondary,147,Earthquakes,6,1,0.2517985611510791,0.20114942528735633,0.6151079136690647,-0.3633093525179856
lstm,0.0002,secondary,147,FordA,10,10,0.8977272727272727,0.8977225180922667,0.715814393939394,0.18191287878787876
lstm,0.0002,secondary,147,FordB,10,10,0.7592592592592593,0.7583010838578177,0.6385802469135803,0.12067901234567902
lstm,0.0002,secondary,147,FreezerRegularTrain,10,10,0.5,0.3333333333333333,0.6873684210526315,-0.18736842105263152
lstm,0.0002,secondary,147,FreezerSmallTrain,10,10,0.5,0.3333333333333333,0.6017543859649123,-0.10175438596491226
lstm,0.0002,secondary,147,GesturePebbleZ1,10,10,0.18604651162790697,0.05228758169934641,0.2347383720930232,-0.04869186046511623
lstm,0.0002,secondary,147,GesturePebbleZ2,10,10,0.26582278481012656,0.15926496384717406,0.2120253164556962,0.05379746835443036
lstm,0.0002,secondary,147,InsectWingbeatSound,10,10,0.09090909090909091,0.015179625569235959,0.1147727272727272,-0.023863636363636295
lstm,0.0002,secondary,147,ItalyPowerDemand,10,10,0.564625850340136,0.4928982522836475,0.5949951409135082,-0.030369290573372232
lstm,0.0002,secondary,147,Lightning2,10,10,0.5737704918032787,0.5279761904761905,0.5389344262295082,0.0348360655737705
lstm,0.0002,secondary,147,Lightning7,10,10,0.2191780821917808,0.17142857142857143,0.1900684931506849,0.029109589041095923
lstm,0.0002,secondary,147,MoteStrain,10,10,0.7779552715654952,0.766264814277579,0.5943490415335463,0.18360623003194887
lstm,0.0002,secondary,147,Phoneme,8,3,0.016350210970464137,0.0019633442380223498,0.0372494725738396,-0.020899261603375463
lstm,0.0002,secondary,147,PickupGestureWiimoteZ,10,10,0.12,0.043586206896551724,0.095,0.024999999999999994
lstm,0.0002,secondary,147,Plane,10,10,0.14285714285714285,0.03571428571428571,0.2964285714285714,-0.15357142857142853
lstm,0.0002,secondary,147,ShakeGestureWiimoteZ,10,10,0.18,0.11538461538461538,0.12,0.06
lstm,0.0002,secondary,147,SonyAIBORobotSurface1,10,10,0.45923460898502494,0.356639141504804,0.6295757071547421,-0.17034109816971715
lstm,0.0002,secondary,147,SonyAIBORobotSurface2,10,10,0.7796432318992654,0.7566394279877426,0.6382476390346274,0.141395592864638
lstm,0.0002,secondary,147,StarLightCurves,10,10,0.7662700339970859,0.7285975314180392,0.7347771976687713,0.03149283632831468
lstm,0.0002,secondary,147,Trace,10,10,0.28,0.109375,0.355,-0.07499999999999996
lstm,0.0002,secondary,147,Wafer,10,10,0.8921155094094744,0.4714910400411558,0.8539097988319273,0.03820571057754707
